CID,UID,Duration,Type,UnitPrice,Amount,CallDate
C0001,X000001,90,ISD,100,9000,7-Dec-16 5:58
C0001,X000002,31,STD,50,1550,22-Jun-16 7:22
C0001,X000003,5,Local,20,100,2-Dec-16 21:48
C0001,X000004,45,ISD,100,4500,10-Jan-17 6:20
C0001,X000005,91,STD,50,4550,16-Nov-16 21:44
C0001,X000006,36,Local,20,720,28-Jun-16 1:04
C0001,X000007,85,ISD,100,8500,27-Nov-16 23:02
C0001,X000008,47,STD,50,2350,17-Apr-16 14:45
C0001,X000009,90,Local,20,1800,29-Feb-16 10:42
C0001,X000010,20,ISD,100,2000,30-Jul-15 3:30
C0001,X000011,29,STD,50,1450,18-Aug-17 15:24
C0001,X000012,2,Local,20,40,4-Jul-15 8:31
C0001,X000013,6,ISD,100,600,15-Apr-15 13:20
C0001,X000014,76,STD,50,3800,13-Jul-17 2:22
C0001,X000015,82,Local,20,1640,5-Jun-15 6:46
C0001,X000016,71,ISD,100,7100,9-Jun-16 2:58
C0001,X000017,38,STD,50,1900,27-Jan-15 16:48
C0001,X000018,62,Local,20,1240,19-Mar-15 12:12
C0001,X000019,37,ISD,100,3700,13-Aug-17 3:00
C0001,X000020,91,STD,50,4550,17-Apr-17 13:13
C0001,X000021,12,Local,20,240,29-Jul-15 10:49
C0001,X000022,2,ISD,100,200,21-Feb-15 6:46
C0001,X000023,80,STD,50,4000,27-Jan-15 3:48
C0001,X000024,78,Local,20,1560,11-Nov-15 23:16
C0001,X000025,19,ISD,100,1900,28-Feb-17 7:39
C0001,X000026,56,STD,50,2800,3-Nov-15 12:43
C0001,X000027,95,Local,20,1900,4-Mar-16 11:52
C0001,X000028,33,ISD,100,3300,10-Jan-15 23:36
C0001,X000029,71,STD,50,3550,30-Aug-17 11:32
C0001,X000030,68,Local,20,1360,16-May-16 6:07
C0001,X000031,1,ISD,100,100,6-Mar-16 23:32
C0001,X000032,63,STD,50,3150,24-Apr-17 1:01
C0001,X000033,2,Local,20,40,3-Jan-15 0:44
C0001,X000034,27,ISD,100,2700,26-Jan-17 16:04
C0001,X000035,74,STD,50,3700,1-Jan-15 1:55
C0001,X000036,19,Local,20,380,27-Feb-16 21:17
C0001,X000037,66,ISD,100,6600,26-Nov-15 16:23
C0001,X000038,75,STD,50,3750,27-Oct-15 12:21
C0001,X000039,67,Local,20,1340,12-Jun-16 7:58
C0001,X000040,13,ISD,100,1300,25-Dec-16 11:25
C0001,X000041,67,STD,50,3350,10-Jul-15 20:05
C0001,X000042,39,Local,20,780,17-Dec-15 14:12
C0001,X000043,7,ISD,100,700,24-Oct-16 3:50
C0001,X000044,15,STD,50,750,5-Apr-17 11:31
C0001,X000045,100,Local,20,2000,8-Oct-16 16:30
C0001,X000046,50,ISD,100,5000,9-Feb-15 11:24
C0001,X000047,8,STD,50,400,1-Sep-15 8:31
C0001,X000048,59,Local,20,1180,31-Oct-15 5:38
C0001,X000049,46,STD,50,2300,25-Mar-16 10:06
C0001,X000050,23,Local,20,460,27-Feb-17 5:13
C0001,X000051,71,ISD,100,7100,21-Feb-15 23:18
C0001,X000052,81,STD,50,4050,13-May-16 7:29
C0001,X000053,79,Local,20,1580,26-Dec-16 15:33
C0001,X000054,54,ISD,100,5400,3-Jan-17 3:41
C0001,X000055,6,STD,50,300,1-Aug-15 4:03
C0001,X000056,19,Local,20,380,8-Oct-15 23:26
C0001,X000057,90,ISD,100,9000,12-Sep-17 20:08
C0001,X000058,43,STD,50,2150,20-Oct-15 15:11
C0001,X000059,33,Local,20,660,21-Oct-16 9:44
C0002,X000060,70,ISD,100,7000,22-Jun-15 12:01
C0002,X000061,81,STD,50,4050,1-Dec-15 16:00
C0002,X000062,19,Local,20,380,14-Feb-16 12:15
C0002,X000063,84,ISD,100,8400,25-May-17 7:01
C0002,X000064,69,STD,50,3450,2-Apr-15 17:03
C0002,X000065,53,Local,20,1060,13-Sep-16 5:05
C0002,X000066,33,ISD,100,3300,23-Sep-16 16:46
C0002,X000067,11,STD,50,550,28-Jan-15 9:43
C0002,X000068,100,Local,20,2000,12-Aug-17 3:10
C0002,X000069,15,ISD,100,1500,16-Apr-15 5:51
C0002,X000070,2,STD,50,100,26-Sep-15 11:52
C0002,X000071,3,Local,20,60,21-Jul-16 11:29
C0002,X000072,100,ISD,100,10000,5-Oct-16 18:14
C0002,X000073,50,STD,50,2500,1-Dec-15 10:17
C0002,X000074,20,Local,20,400,17-Jun-17 10:23
C0002,X000075,35,ISD,100,3500,19-Nov-16 9:14
C0002,X000076,73,STD,50,3650,19-Jul-17 2:34
C0002,X000077,11,Local,20,220,6-Apr-15 19:33
C0002,X000078,69,ISD,100,6900,30-Mar-16 7:56
C0002,X000079,94,STD,50,4700,18-Apr-17 9:46
C0002,X000080,24,Local,20,480,9-Dec-15 12:27
C0002,X000081,21,ISD,100,2100,1-Sep-15 12:47
C0002,X000082,72,STD,50,3600,24-Mar-16 22:50
C0002,X000083,34,Local,20,680,30-Aug-15 2:51
C0002,X000084,17,ISD,100,1700,31-Mar-15 20:48
C0002,X000085,83,STD,50,4150,23-Apr-15 4:09
C0002,X000086,4,Local,20,80,12-Dec-15 22:58
C0002,X000087,51,ISD,100,5100,24-Jun-15 20:57
C0002,X000088,10,STD,50,500,16-Aug-17 6:05
C0002,X000089,26,Local,20,520,21-Sep-15 4:30
C0002,X000090,56,ISD,100,5600,16-Jan-15 14:41
C0002,X000091,96,STD,50,4800,1-Aug-15 14:48
C0002,X000092,90,Local,20,1800,28-May-15 16:52
C0002,X000093,48,ISD,100,4800,28-Feb-16 11:55
C0002,X000094,51,STD,50,2550,7-Jan-15 23:21
C0002,X000095,76,Local,20,1520,8-Dec-15 22:03
C0002,X000096,12,ISD,100,1200,1-Apr-17 14:58
C0002,X000097,14,STD,50,700,26-Feb-16 13:48
C0002,X000098,59,Local,20,1180,22-Jan-17 7:00
C0002,X000099,46,ISD,100,4600,15-Sep-17 8:49
C0002,X000100,29,STD,50,1450,28-Feb-15 3:18
C0002,X000101,18,Local,20,360,21-Sep-15 5:02
C0002,X000102,27,ISD,100,2700,15-Feb-15 2:12
C0002,X000103,72,STD,50,3600,13-Jun-17 2:02
C0002,X000104,39,Local,20,780,14-Feb-16 14:08
C0002,X000105,67,ISD,100,6700,30-Aug-15 1:40
C0002,X000106,22,STD,50,1100,1-Apr-15 23:12
C0002,X000107,38,Local,20,760,30-Mar-15 22:58
C0002,X000108,7,STD,50,350,7-Jul-16 19:45
C0002,X000109,21,Local,20,420,13-May-15 11:45
C0002,X000110,51,ISD,100,5100,1-Aug-15 11:41
C0002,X000111,31,STD,50,1550,1-Feb-15 12:41
C0002,X000112,8,Local,20,160,20-Oct-15 12:00
C0002,X000113,47,ISD,100,4700,17-Nov-16 14:25
C0002,X000114,39,STD,50,1950,2-Jul-15 7:12
C0002,X000115,11,Local,20,220,25-Jan-16 17:28
C0002,X000116,73,ISD,100,7300,5-May-15 11:32
C0002,X000117,53,STD,50,2650,23-Mar-15 4:35
C0002,X000118,22,Local,20,440,23-Aug-16 17:35
C0003,X000119,31,ISD,100,3100,7-Mar-15 19:45
C0003,X000120,94,STD,50,4700,1-Jan-16 13:06
C0003,X000121,98,Local,20,1960,19-Mar-17 11:45
C0003,X000122,6,ISD,100,600,19-Sep-17 21:27
C0003,X000123,60,STD,50,3000,16-Aug-17 3:07
C0003,X000124,18,Local,20,360,3-Jul-17 4:17
C0003,X000125,31,ISD,100,3100,17-Mar-17 20:18
C0003,X000126,66,STD,50,3300,10-May-17 16:12
C0003,X000127,95,Local,20,1900,12-Jun-17 20:06
C0003,X000128,68,ISD,100,6800,21-Mar-16 1:07
C0003,X000129,93,STD,50,4650,22-Aug-16 13:43
C0003,X000130,94,Local,20,1880,15-Apr-17 13:40
C0003,X000131,37,ISD,100,3700,16-Apr-15 18:51
C0003,X000132,2,STD,50,100,24-Jul-16 9:28
C0003,X000133,93,Local,20,1860,6-Feb-17 2:21
C0003,X000134,42,ISD,100,4200,19-Apr-17 4:43
C0003,X000135,58,STD,50,2900,19-Apr-16 10:30
C0003,X000136,39,Local,20,780,11-May-17 4:03
C0003,X000137,59,ISD,100,5900,5-Feb-16 21:38
C0003,X000138,2,STD,50,100,30-Aug-16 10:23
C0003,X000139,34,Local,20,680,10-Jul-15 18:28
C0003,X000140,86,ISD,100,8600,26-Aug-16 7:48
C0003,X000141,30,STD,50,1500,13-Dec-16 20:13
C0003,X000142,18,Local,20,360,29-Sep-16 16:58
C0003,X000143,79,ISD,100,7900,27-Dec-15 9:25
C0003,X000144,99,STD,50,4950,11-Nov-16 12:21
C0003,X000145,49,Local,20,980,29-Apr-17 16:46
C0003,X000146,65,ISD,100,6500,25-Dec-15 17:08
C0003,X000147,85,STD,50,4250,21-Nov-15 17:52
C0003,X000148,53,Local,20,1060,20-Aug-17 15:12
C0003,X000149,84,ISD,100,8400,28-Feb-15 15:15
C0003,X000150,58,STD,50,2900,23-Jul-17 20:11
C0003,X000151,63,Local,20,1260,30-Mar-15 4:35
C0003,X000152,65,ISD,100,6500,19-Jan-16 19:42
C0003,X000153,2,STD,50,100,27-Nov-16 12:08
C0003,X000154,12,Local,20,240,12-Dec-15 21:43
C0003,X000155,89,ISD,100,8900,6-Jul-17 21:31
C0003,X000156,32,STD,50,1600,7-Jun-16 19:39
C0003,X000157,95,Local,20,1900,29-Dec-16 23:44
C0003,X000158,17,ISD,100,1700,26-Feb-17 11:21
C0003,X000159,47,STD,50,2350,5-Sep-16 9:41
C0003,X000160,30,Local,20,600,12-May-15 22:35
C0003,X000161,40,ISD,100,4000,2-Sep-15 4:42
C0003,X000162,29,STD,50,1450,20-Sep-17 16:33
C0003,X000163,98,Local,20,1960,23-May-17 23:15
C0003,X000164,36,ISD,100,3600,1-Jul-15 5:24
C0003,X000165,17,STD,50,850,28-Aug-17 22:53
C0003,X000166,36,Local,20,720,20-Aug-15 19:06
C0003,X000167,2,STD,50,100,12-Jul-15 19:53
C0003,X000168,47,Local,20,940,9-Apr-15 0:12
C0003,X000169,60,ISD,100,6000,22-Feb-16 8:09
C0003,X000170,53,STD,50,2650,18-Jun-16 23:52
C0003,X000171,55,Local,20,1100,16-Jul-16 3:25
C0003,X000172,22,ISD,100,2200,17-Sep-15 4:16
C0003,X000173,54,STD,50,2700,19-Nov-16 19:13
C0003,X000174,19,Local,20,380,17-Aug-15 23:52
C0003,X000175,59,ISD,100,5900,28-Aug-17 22:23
C0003,X000176,20,STD,50,1000,3-Jul-17 0:25
C0003,X000177,98,Local,20,1960,25-Mar-16 3:24
C0004,X000178,4,ISD,100,400,22-Sep-15 13:29
C0004,X000179,33,STD,50,1650,5-Aug-17 6:12
C0004,X000180,83,Local,20,1660,4-Jun-15 7:14
C0004,X000181,83,ISD,100,8300,5-Feb-17 0:01
C0004,X000182,35,STD,50,1750,13-Feb-15 5:12
C0004,X000183,71,Local,20,1420,17-Jun-17 16:26
C0004,X000184,63,ISD,100,6300,31-May-16 1:24
C0004,X000185,4,STD,50,200,30-Jul-17 6:30
C0004,X000186,94,Local,20,1880,3-Oct-15 18:57
C0004,X000187,90,ISD,100,9000,30-Jun-16 22:55
C0004,X000188,72,STD,50,3600,10-Aug-17 9:31
C0004,X000189,7,Local,20,140,17-Sep-15 8:21
C0004,X000190,76,ISD,100,7600,29-Jul-16 4:04
C0004,X000191,23,STD,50,1150,6-Nov-16 20:18
C0004,X000192,78,Local,20,1560,31-Jul-17 12:23
C0004,X000193,68,ISD,100,6800,21-Sep-16 8:09
C0004,X000194,84,STD,50,4200,29-Mar-17 11:54
C0004,X000195,49,Local,20,980,15-May-16 11:38
C0004,X000196,73,ISD,100,7300,18-Apr-15 21:10
C0004,X000197,20,STD,50,1000,24-Sep-16 18:27
C0004,X000198,62,Local,20,1240,5-Dec-15 3:57
C0004,X000199,40,ISD,100,4000,23-May-15 14:18
C0004,X000200,12,STD,50,600,23-Aug-16 21:12
C0004,X000201,2,Local,20,40,11-Apr-16 18:40
C0004,X000202,23,ISD,100,2300,27-Apr-17 19:39
C0004,X000203,81,STD,50,4050,27-Feb-17 7:37
C0004,X000204,81,Local,20,1620,16-Nov-15 18:20
C0004,X000205,5,ISD,100,500,1-Sep-15 5:08
C0004,X000206,3,STD,50,150,25-Dec-16 10:48
C0004,X000207,27,Local,20,540,10-May-16 1:53
C0004,X000208,36,ISD,100,3600,28-Oct-15 21:20
C0004,X000209,16,STD,50,800,5-Jul-17 15:05
C0004,X000210,5,Local,20,100,22-Jul-16 22:53
C0004,X000211,44,ISD,100,4400,17-Jun-15 3:41
C0004,X000212,28,STD,50,1400,17-Feb-15 0:48
C0004,X000213,80,Local,20,1600,6-May-16 21:12
C0004,X000214,34,ISD,100,3400,18-Jan-17 20:13
C0004,X000215,49,STD,50,2450,25-Aug-17 2:19
C0004,X000216,12,Local,20,240,19-Aug-16 16:07
C0004,X000217,20,ISD,100,2000,27-Oct-16 12:50
C0004,X000218,93,STD,50,4650,29-Oct-16 20:45
C0004,X000219,42,Local,20,840,25-Jan-17 3:18
C0004,X000220,1,ISD,100,100,7-Jan-15 2:42
C0004,X000221,33,STD,50,1650,22-Feb-17 1:39
C0004,X000222,62,Local,20,1240,24-Feb-16 1:04
C0004,X000223,76,ISD,100,7600,23-Nov-16 9:27
C0004,X000224,76,STD,50,3800,17-Jan-15 12:04
C0004,X000225,21,Local,20,420,8-May-15 13:48
C0004,X000226,49,STD,50,2450,31-Dec-15 19:20
C0004,X000227,25,Local,20,500,1-May-16 3:02
C0004,X000228,52,ISD,100,5200,14-Jan-16 11:12
C0004,X000229,4,STD,50,200,28-Sep-16 2:03
C0004,X000230,31,Local,20,620,23-Feb-15 7:42
C0004,X000231,21,ISD,100,2100,11-Jan-17 18:10
C0004,X000232,53,STD,50,2650,31-Aug-17 21:43
C0004,X000233,54,Local,20,1080,22-Mar-17 18:59
C0004,X000234,100,ISD,100,10000,12-Aug-15 3:05
C0004,X000235,49,STD,50,2450,14-Feb-16 16:55
C0004,X000236,78,Local,20,1560,22-Dec-15 18:30
C0001,X000237,58,ISD,100,5800,14-Oct-15 8:45
C0002,X000238,67,STD,50,3350,16-Apr-15 1:19
C0003,X000239,74,Local,20,1480,28-Sep-15 9:11
C0004,X000240,6,ISD,100,600,27-Jun-16 6:53
C0005,X000241,54,STD,50,2700,22-Jun-17 8:26
C0006,X000242,38,Local,20,760,18-Jan-15 18:01
C0007,X000243,37,ISD,100,3700,2-Jun-16 17:34
C0008,X000244,56,STD,50,2800,5-Nov-16 23:55
C0009,X000245,53,Local,20,1060,20-Jun-17 10:20
C0010,X000246,82,ISD,100,8200,27-Feb-15 19:50
C0011,X000247,25,STD,50,1250,19-Aug-16 6:53
C0012,X000248,4,Local,20,80,30-Apr-17 15:11
C0013,X000249,58,ISD,100,5800,19-May-15 18:43
C0014,X000250,100,STD,50,5000,9-Sep-17 9:27
C0015,X000251,10,Local,20,200,26-Aug-16 16:24
C0016,X000252,22,ISD,100,2200,30-Jun-16 11:05
C0017,X000253,73,STD,50,3650,14-Jul-15 9:41
C0018,X000254,58,Local,20,1160,15-Dec-15 5:15
C0019,X000255,64,ISD,100,6400,31-May-17 22:22
C0001,X000256,37,ISD,100,3700,30-May-16 22:06
C0002,X000257,76,STD,50,3800,1-Aug-17 16:50
C0003,X000258,51,Local,20,1020,7-Jun-15 11:18
C0004,X000259,48,ISD,100,4800,16-Jul-16 22:43
C0005,X000260,2,STD,50,100,21-Oct-15 3:02
C0006,X000261,71,Local,20,1420,29-Mar-16 7:14
C0007,X000262,54,ISD,100,5400,9-Jan-17 11:42
C0008,X000263,9,STD,50,450,17-Jun-16 10:03
C0009,X000264,32,Local,20,640,1-Feb-15 20:08
C0010,X000265,52,ISD,100,5200,24-Apr-17 1:55
C0011,X000266,17,STD,50,850,17-Nov-15 2:12
C0012,X000267,13,Local,20,260,28-Oct-15 18:02
C0013,X000268,43,ISD,100,4300,29-Jan-15 8:52
C0014,X000269,16,STD,50,800,9-Jan-17 21:15
C0015,X000270,55,Local,20,1100,11-Feb-17 16:06
C0016,X000271,36,ISD,100,3600,5-Jul-17 2:32
C0017,X000272,50,STD,50,2500,19-Feb-17 23:55
C0018,X000273,54,Local,20,1080,14-May-15 22:01
C0019,X000274,8,ISD,100,800,27-Mar-16 2:48
C0001,X000275,77,Local,20,1540,1-Feb-17 9:46
C0001,X000276,46,ISD,100,4600,27-Apr-16 5:08
C0001,X000277,86,STD,50,4300,16-Aug-15 16:43
C0001,X000278,45,Local,20,900,12-Mar-15 22:17
C0001,X000279,64,ISD,100,6400,16-Sep-15 22:49
C0001,X000280,10,STD,50,500,10-May-17 21:05
C0001,X000281,93,Local,20,1860,19-Mar-16 16:22
C0001,X000282,98,ISD,100,9800,1-Sep-17 16:24
C0001,X000283,84,STD,50,4200,22-May-16 18:07
C0001,X000284,24,Local,20,480,2-Jun-15 0:56
C0001,X000285,14,STD,50,700,14-Feb-17 16:40
C0001,X000286,37,Local,20,740,17-Jan-15 12:53
C0001,X000287,82,ISD,100,8200,3-Apr-17 10:10
C0001,X000288,41,STD,50,2050,1-Jul-15 4:30
C0001,X000289,39,Local,20,780,11-May-16 0:56
C0001,X000290,19,ISD,100,1900,30-Aug-15 2:54
C0001,X000291,80,STD,50,4000,8-Jan-17 16:46
C0001,X000292,81,Local,20,1620,14-Dec-15 22:58
C0001,X000293,29,ISD,100,2900,3-Jan-16 13:45
C0001,X000294,57,STD,50,2850,27-Jun-17 10:10
C0001,X000295,19,Local,20,380,19-May-17 7:58
C0002,X000296,9,ISD,100,900,13-Nov-15 3:01
C0002,X000297,85,STD,50,4250,17-Sep-16 21:17
C0002,X000298,42,Local,20,840,24-Jul-17 13:17
C0002,X000299,23,ISD,100,2300,11-Sep-15 18:51
C0002,X000300,15,STD,50,750,19-Mar-16 12:17
C0002,X000301,78,Local,20,1560,26-May-15 12:20
C0002,X000302,38,ISD,100,3800,15-Aug-17 15:47
C0002,X000303,59,STD,50,2950,8-Jun-15 12:15
C0002,X000304,91,Local,20,1820,14-Sep-15 21:14
C0002,X000305,15,ISD,100,1500,30-Apr-15 17:42
C0002,X000306,83,STD,50,4150,9-Sep-17 22:30
C0002,X000307,39,Local,20,780,20-Jan-15 16:33
C0002,X000308,60,ISD,100,6000,20-Sep-15 0:04
C0002,X000309,62,STD,50,3100,29-Apr-16 4:59
C0002,X000310,76,Local,20,1520,26-Aug-16 5:03
C0002,X000311,38,ISD,100,3800,14-Aug-15 21:40
C0002,X000312,46,STD,50,2300,15-Aug-15 4:39
C0002,X000313,79,Local,20,1580,16-Jan-16 5:31
C0002,X000314,39,ISD,100,3900,26-Jan-15 4:19
C0002,X000315,68,STD,50,3400,16-Jan-15 8:05
C0002,X000316,89,Local,20,1780,4-Mar-15 22:17
C0002,X000317,60,ISD,100,6000,18-Jun-16 4:23
C0002,X000318,48,STD,50,2400,28-Aug-15 4:06
C0002,X000319,99,Local,20,1980,15-Apr-15 22:43
C0002,X000320,30,ISD,100,3000,26-Oct-15 6:46
C0002,X000321,79,STD,50,3950,20-Sep-16 13:39
C0002,X000322,92,Local,20,1840,22-Jan-15 10:32
C0002,X000323,58,ISD,100,5800,20-Mar-17 7:43
C0002,X000324,83,STD,50,4150,1-Oct-15 19:09
C0002,X000325,11,Local,20,220,30-Jan-15 20:42
C0002,X000326,78,ISD,100,7800,30-Nov-15 16:36
C0002,X000327,17,STD,50,850,9-Dec-15 1:10
C0002,X000328,25,Local,20,500,28-Sep-16 12:17
C0002,X000329,82,ISD,100,8200,7-Dec-15 21:30
C0002,X000330,79,STD,50,3950,7-Aug-16 2:29
C0002,X000331,47,Local,20,940,13-Aug-16 15:57
C0002,X000332,33,ISD,100,3300,11-Apr-17 12:17
C0002,X000333,20,STD,50,1000,29-Nov-15 22:36
C0002,X000334,25,Local,20,500,24-Jul-15 1:16
C0002,X000335,37,ISD,100,3700,26-Mar-15 22:45
C0002,X000336,94,STD,50,4700,8-Mar-17 1:55
C0002,X000337,62,Local,20,1240,27-Apr-16 12:20
C0002,X000338,33,ISD,100,3300,7-Jun-17 4:40
C0002,X000339,26,STD,50,1300,6-Nov-16 5:16
C0002,X000340,25,Local,20,500,21-Sep-15 17:36
C0002,X000341,74,ISD,100,7400,29-Sep-15 12:46
C0002,X000342,77,STD,50,3850,2-Sep-17 23:05
C0002,X000343,43,Local,20,860,26-Mar-17 0:02
C0002,X000344,39,STD,50,1950,26-Jan-17 2:57
C0002,X000345,20,Local,20,400,6-Feb-15 21:01
C0002,X000346,93,ISD,100,9300,19-Mar-15 18:59
C0002,X000347,72,STD,50,3600,8-Sep-15 3:05
C0002,X000348,33,Local,20,660,15-Sep-16 16:35
C0002,X000349,96,ISD,100,9600,4-May-15 20:18
C0002,X000350,69,STD,50,3450,3-Feb-17 11:36
C0002,X000351,32,Local,20,640,29-Oct-16 2:32
C0002,X000352,66,ISD,100,6600,8-Mar-17 7:42
C0002,X000353,28,STD,50,1400,31-Aug-16 2:13
C0002,X000354,84,Local,20,1680,29-Dec-15 22:39
C0003,X000355,42,ISD,100,4200,30-Aug-15 23:35
C0003,X000356,67,STD,50,3350,19-Feb-16 20:12
C0003,X000357,76,Local,20,1520,21-Jan-17 23:48
C0003,X000358,58,ISD,100,5800,9-May-17 13:29
C0003,X000359,72,STD,50,3600,23-Jun-15 19:19
C0003,X000360,35,Local,20,700,20-Apr-16 18:40
C0003,X000361,58,ISD,100,5800,18-Apr-15 6:59
C0003,X000362,68,STD,50,3400,12-Jul-15 16:16
C0003,X000363,14,Local,20,280,13-Dec-15 16:03
C0003,X000364,64,ISD,100,6400,2-Jul-16 1:13
C0003,X000365,30,STD,50,1500,12-Sep-15 12:36
C0003,X000366,76,Local,20,1520,8-Jan-16 23:36
C0003,X000367,26,ISD,100,2600,1-May-16 3:53
C0003,X000368,32,STD,50,1600,4-Jan-15 21:08
C0003,X000369,17,Local,20,340,25-Oct-16 1:07
C0003,X000370,36,ISD,100,3600,21-Feb-16 5:44
C0003,X000371,62,STD,50,3100,26-May-16 20:51
C0003,X000372,95,Local,20,1900,2-Jun-16 16:35
C0003,X000373,12,ISD,100,1200,30-Aug-15 20:48
C0003,X000374,5,STD,50,250,30-Aug-16 11:39
C0003,X000375,13,Local,20,260,22-Jun-15 10:10
C0003,X000376,90,ISD,100,9000,10-Sep-17 5:38
C0003,X000377,14,STD,50,700,16-Jan-16 10:03
C0003,X000378,54,Local,20,1080,30-Jun-16 4:14
C0003,X000379,37,ISD,100,3700,1-Aug-15 17:52
C0003,X000380,71,STD,50,3550,22-Feb-16 12:02
C0003,X000381,90,Local,20,1800,17-Sep-16 7:55
C0003,X000382,53,ISD,100,5300,3-Sep-17 2:13
C0003,X000383,99,STD,50,4950,29-Jan-16 20:45
C0003,X000384,34,Local,20,680,1-Jul-15 10:39
C0003,X000385,21,ISD,100,2100,2-Sep-17 20:57
C0003,X000386,97,STD,50,4850,20-Dec-16 1:09
C0003,X000387,45,Local,20,900,28-Jun-17 19:04
C0003,X000388,40,ISD,100,4000,3-May-15 7:23
C0003,X000389,18,STD,50,900,19-Dec-15 8:09
C0003,X000390,96,Local,20,1920,6-Jun-15 1:00
C0003,X000391,30,ISD,100,3000,18-Sep-17 14:39
C0003,X000392,10,STD,50,500,15-Feb-17 10:27
C0003,X000393,94,Local,20,1880,28-Dec-16 11:11
C0003,X000394,29,ISD,100,2900,24-Jun-17 16:20
C0003,X000395,62,STD,50,3100,13-Oct-16 20:21
C0003,X000396,69,Local,20,1380,27-Feb-16 21:50
C0003,X000397,2,ISD,100,200,12-Jun-16 15:30
C0003,X000398,56,STD,50,2800,1-Aug-17 8:24
C0003,X000399,90,Local,20,1800,17-Dec-15 8:22
C0003,X000400,12,ISD,100,1200,18-Mar-15 7:46
C0003,X000401,46,STD,50,2300,29-Mar-17 19:42
C0003,X000402,62,Local,20,1240,11-Sep-16 15:12
C0003,X000403,24,STD,50,1200,10-Aug-16 12:47
C0003,X000404,58,Local,20,1160,6-Dec-16 3:20
C0003,X000405,49,ISD,100,4900,9-Apr-16 0:30
C0003,X000406,97,STD,50,4850,21-Apr-15 15:12
C0003,X000407,95,Local,20,1900,19-Aug-15 10:35
C0003,X000408,7,ISD,100,700,20-Apr-16 13:48
C0003,X000409,46,STD,50,2300,28-Dec-16 0:11
C0003,X000410,53,Local,20,1060,21-Aug-15 18:14
C0003,X000411,79,ISD,100,7900,15-Jun-17 18:48
C0003,X000412,10,STD,50,500,24-Jan-17 21:17
C0003,X000413,33,Local,20,660,18-May-16 3:44
C0004,X000414,87,ISD,100,8700,1-Oct-16 12:38
C0004,X000415,57,STD,50,2850,27-Nov-15 1:26
C0004,X000416,30,Local,20,600,30-Mar-17 8:06
C0004,X000417,31,ISD,100,3100,29-Dec-15 0:00
C0004,X000418,43,STD,50,2150,17-Feb-17 1:56
C0004,X000419,9,Local,20,180,6-Feb-16 7:59
C0004,X000420,93,ISD,100,9300,23-Nov-16 17:45
C0004,X000421,40,STD,50,2000,17-Aug-16 2:19
C0004,X000422,91,Local,20,1820,12-Nov-16 4:48
C0004,X000423,23,ISD,100,2300,31-Dec-15 13:30
C0004,X000424,52,STD,50,2600,18-Aug-17 13:19
C0004,X000425,27,Local,20,540,27-Mar-16 16:13
C0004,X000426,27,ISD,100,2700,12-Aug-16 16:56
C0004,X000427,51,STD,50,2550,3-Jul-15 14:24
C0004,X000428,33,Local,20,660,17-Nov-15 4:06
C0004,X000429,11,ISD,100,1100,5-Mar-15 10:09
C0004,X000430,99,STD,50,4950,17-Feb-15 0:11
C0004,X000431,66,Local,20,1320,8-Feb-15 13:36
C0004,X000432,1,ISD,100,100,1-Sep-16 17:19
C0004,X000433,26,STD,50,1300,15-Mar-15 13:06
C0004,X000434,45,Local,20,900,17-Dec-16 0:02
C0004,X000435,21,ISD,100,2100,7-Mar-17 21:37
C0004,X000436,45,STD,50,2250,10-Apr-16 6:20
C0004,X000437,34,Local,20,680,14-Aug-15 6:36
C0004,X000438,35,ISD,100,3500,28-Sep-15 21:36
C0004,X000439,73,STD,50,3650,23-Jun-16 12:53
C0004,X000440,33,Local,20,660,15-Mar-17 15:30
C0004,X000441,68,ISD,100,6800,15-Apr-16 5:02
C0004,X000442,67,STD,50,3350,30-May-17 11:54
C0004,X000443,97,Local,20,1940,8-Apr-16 12:01
C0004,X000444,48,ISD,100,4800,22-Nov-15 4:45
C0004,X000445,83,STD,50,4150,27-Feb-15 0:27
C0004,X000446,19,Local,20,380,9-Jul-17 22:19
C0004,X000447,21,ISD,100,2100,19-Jul-15 11:48
C0004,X000448,100,STD,50,5000,14-Dec-16 14:12
C0004,X000449,96,Local,20,1920,27-May-16 3:33
C0004,X000450,21,ISD,100,2100,30-Dec-15 22:32
C0004,X000451,84,STD,50,4200,25-Jun-16 23:32
C0004,X000452,62,Local,20,1240,29-Feb-16 4:29
C0004,X000453,26,ISD,100,2600,24-Oct-16 3:50
C0004,X000454,80,STD,50,4000,4-Aug-15 11:13
C0004,X000455,79,Local,20,1580,22-Nov-16 20:22
C0004,X000456,94,ISD,100,9400,12-Mar-17 4:43
C0004,X000457,43,STD,50,2150,11-Feb-17 1:03
C0004,X000458,98,Local,20,1960,22-Aug-17 17:00
C0004,X000459,71,ISD,100,7100,24-Jul-15 6:25
C0004,X000460,83,STD,50,4150,20-Nov-16 23:42
C0004,X000461,38,Local,20,760,5-Mar-16 20:11
C0004,X000462,32,STD,50,1600,18-Feb-17 16:22
C0004,X000463,46,Local,20,920,21-Jan-16 2:13
C0004,X000464,70,ISD,100,7000,14-Oct-15 0:08
C0004,X000465,86,STD,50,4300,15-Jun-16 3:38
C0004,X000466,3,Local,20,60,5-Jan-16 2:22
C0004,X000467,3,ISD,100,300,6-Jan-17 11:13
C0004,X000468,17,STD,50,850,4-Mar-15 0:10
C0004,X000469,48,Local,20,960,20-Jun-17 13:40
C0004,X000470,2,ISD,100,200,15-Nov-15 17:34
C0004,X000471,19,STD,50,950,28-Feb-15 19:55
C0004,X000472,97,Local,20,1940,12-Jul-15 11:57
C0005,X000473,70,ISD,100,7000,27-Sep-16 14:41
C0005,X000474,67,STD,50,3350,20-May-17 19:29
C0005,X000475,33,Local,20,660,12-Mar-16 8:32
C0005,X000476,66,ISD,100,6600,3-May-17 14:39
C0005,X000477,49,STD,50,2450,30-Dec-15 11:29
C0005,X000478,89,Local,20,1780,7-Aug-17 18:57
C0005,X000479,25,ISD,100,2500,9-Jul-16 12:37
C0005,X000480,52,STD,50,2600,18-Oct-16 3:10
C0005,X000481,44,Local,20,880,31-Jul-16 18:14
C0005,X000482,40,ISD,100,4000,31-Jul-15 20:05
C0005,X000483,39,STD,50,1950,27-Oct-16 6:08
C0005,X000484,88,Local,20,1760,17-Apr-16 19:10
C0005,X000485,98,ISD,100,9800,22-Feb-16 7:35
C0005,X000486,6,STD,50,300,28-May-15 8:06
C0005,X000487,31,Local,20,620,12-May-15 11:32
C0005,X000488,81,ISD,100,8100,2-Jul-15 6:23
C0005,X000489,79,STD,50,3950,23-Mar-16 18:07
C0005,X000490,26,Local,20,520,20-May-15 10:01
C0005,X000491,77,ISD,100,7700,13-Jun-16 22:04
C0005,X000492,98,STD,50,4900,3-Apr-17 1:43
C0005,X000493,64,Local,20,1280,16-Aug-17 18:04
C0005,X000494,28,ISD,100,2800,28-Dec-15 15:31
C0005,X000495,30,STD,50,1500,26-Oct-16 13:03
C0005,X000496,17,Local,20,340,22-Oct-15 23:58
C0005,X000497,84,ISD,100,8400,4-Nov-16 6:14
C0005,X000498,79,STD,50,3950,4-Jan-17 4:52
C0005,X000499,53,Local,20,1060,31-Mar-17 3:25
C0005,X000500,70,ISD,100,7000,24-Jul-15 14:26
C0005,X000501,89,STD,50,4450,13-Feb-17 22:33
C0005,X000502,94,Local,20,1880,26-Feb-15 12:41
C0005,X000503,11,ISD,100,1100,18-Nov-15 0:10
C0005,X000504,70,STD,50,3500,29-Dec-15 19:09
C0005,X000505,51,Local,20,1020,12-Jul-16 10:55
C0005,X000506,3,ISD,100,300,23-Jan-16 1:43
C0005,X000507,79,STD,50,3950,23-Jul-17 15:33
C0005,X000508,10,Local,20,200,4-Apr-15 23:02
C0005,X000509,93,ISD,100,9300,27-Jan-15 19:32
C0005,X000510,83,STD,50,4150,4-Apr-17 12:53
C0005,X000511,82,Local,20,1640,2-Dec-16 19:10
C0005,X000512,23,ISD,100,2300,24-Mar-17 14:02
C0005,X000513,3,STD,50,150,8-Aug-17 12:25
C0005,X000514,94,Local,20,1880,2-May-16 23:26
C0005,X000515,92,ISD,100,9200,19-Mar-17 9:07
C0005,X000516,41,STD,50,2050,1-Sep-16 14:35
C0005,X000517,35,Local,20,700,28-Mar-16 2:47
C0005,X000518,87,ISD,100,8700,23-Jan-15 15:50
C0005,X000519,59,STD,50,2950,18-Aug-15 18:15
C0005,X000520,83,Local,20,1660,29-Oct-16 10:12
C0005,X000521,90,STD,50,4500,26-Nov-16 12:31
C0005,X000522,6,Local,20,120,23-Jul-15 19:01
C0005,X000523,97,ISD,100,9700,6-Sep-15 0:12
C0005,X000524,67,STD,50,3350,21-Nov-15 2:42
C0005,X000525,9,Local,20,180,6-Mar-16 0:01
C0005,X000526,46,ISD,100,4600,24-May-15 19:49
C0005,X000527,95,STD,50,4750,4-Feb-17 21:15
C0005,X000528,6,Local,20,120,8-Nov-15 10:04
C0005,X000529,86,ISD,100,8600,3-Oct-15 5:54
C0005,X000530,92,STD,50,4600,19-May-15 17:45
C0005,X000531,30,Local,20,600,23-May-17 18:54
C0006,X000532,10,ISD,100,1000,15-Mar-17 12:04
C0006,X000533,17,STD,50,850,31-Mar-16 21:18
C0006,X000534,63,Local,20,1260,30-May-16 16:01
C0006,X000535,80,ISD,100,8000,17-Aug-15 5:19
C0006,X000536,39,STD,50,1950,28-Jun-17 20:54
C0006,X000537,71,Local,20,1420,17-Dec-16 18:56
C0006,X000538,81,ISD,100,8100,23-Apr-15 23:36
C0006,X000539,29,STD,50,1450,23-Jun-15 8:36
C0006,X000540,7,Local,20,140,20-Mar-15 19:39
C0006,X000541,56,ISD,100,5600,26-May-16 11:39
C0006,X000542,77,STD,50,3850,2-Dec-16 7:45
C0006,X000543,56,Local,20,1120,9-Jan-15 10:43
C0006,X000544,7,ISD,100,700,3-Jul-15 20:21
C0006,X000545,64,STD,50,3200,26-May-17 16:45
C0006,X000546,37,Local,20,740,10-Apr-17 8:13
C0006,X000547,5,ISD,100,500,27-Aug-15 19:19
C0006,X000548,30,STD,50,1500,23-Apr-16 21:57
C0006,X000549,14,Local,20,280,22-Nov-15 22:26
C0006,X000550,99,ISD,100,9900,27-Aug-16 4:32
C0006,X000551,84,STD,50,4200,12-Feb-17 12:28
C0006,X000552,61,Local,20,1220,28-Jan-15 11:51
C0006,X000553,24,ISD,100,2400,10-Nov-15 20:29
C0006,X000554,65,STD,50,3250,26-Apr-16 22:32
C0006,X000555,89,Local,20,1780,15-Dec-15 0:43
C0006,X000556,92,ISD,100,9200,15-Aug-15 20:55
C0006,X000557,70,STD,50,3500,3-Oct-16 20:41
C0006,X000558,34,Local,20,680,17-May-17 22:59
C0006,X000559,92,ISD,100,9200,15-Jul-16 21:24
C0006,X000560,46,STD,50,2300,16-Dec-16 14:19
C0006,X000561,53,Local,20,1060,5-Dec-15 11:31
C0006,X000562,67,ISD,100,6700,17-Sep-17 11:26
C0006,X000563,82,STD,50,4100,1-Oct-16 6:33
C0006,X000564,47,Local,20,940,14-Jul-15 13:14
C0006,X000565,58,ISD,100,5800,10-Feb-16 14:06
C0006,X000566,34,STD,50,1700,10-Feb-16 0:18
C0006,X000567,71,Local,20,1420,4-Sep-16 20:12
C0006,X000568,64,ISD,100,6400,9-Jan-17 17:00
C0006,X000569,8,STD,50,400,14-May-16 4:19
C0006,X000570,59,Local,20,1180,23-Jan-15 18:04
C0006,X000571,60,ISD,100,6000,15-Jul-16 6:56
C0006,X000572,91,STD,50,4550,20-Oct-15 9:05
C0006,X000573,74,Local,20,1480,27-May-16 10:35
C0006,X000574,44,ISD,100,4400,23-Jul-16 0:18
C0006,X000575,52,STD,50,2600,3-Jul-16 1:33
C0006,X000576,72,Local,20,1440,16-Feb-16 3:25
C0006,X000577,79,ISD,100,7900,15-Oct-16 21:25
C0006,X000578,10,STD,50,500,19-Apr-16 0:24
C0006,X000579,2,Local,20,40,2-Jul-15 11:26
C0006,X000580,25,STD,50,1250,30-Jan-16 14:28
C0006,X000581,47,Local,20,940,11-Jun-16 20:13
C0006,X000582,54,ISD,100,5400,19-Feb-16 19:46
C0006,X000583,45,STD,50,2250,24-Apr-16 16:09
C0006,X000584,22,Local,20,440,17-Feb-17 10:49
C0006,X000585,26,ISD,100,2600,21-Oct-16 14:21
C0006,X000586,16,STD,50,800,28-Jun-16 2:58
C0006,X000587,60,Local,20,1200,15-Feb-15 22:22
C0006,X000588,62,ISD,100,6200,2-Feb-15 5:32
C0006,X000589,88,STD,50,4400,1-Sep-15 14:13
C0006,X000590,83,Local,20,1660,19-Nov-15 16:56
C0006,X000591,88,ISD,100,8800,13-May-16 21:53
C0007,X000592,53,STD,50,2650,21-Aug-15 1:07
C0007,X000593,37,Local,20,740,24-Apr-15 10:03
C0007,X000594,80,ISD,100,8000,3-Aug-17 2:35
C0007,X000595,59,STD,50,2950,28-Nov-15 22:53
C0007,X000596,54,Local,20,1080,22-Mar-17 9:33
C0007,X000597,51,ISD,100,5100,4-Nov-16 9:30
C0007,X000598,90,STD,50,4500,15-Sep-15 1:46
C0007,X000599,70,Local,20,1400,4-May-16 20:15
C0007,X000600,5,ISD,100,500,10-Sep-15 19:59
C0007,X000601,66,STD,50,3300,11-Jun-16 11:39
C0007,X000602,49,Local,20,980,29-May-17 17:11
C0007,X000603,70,ISD,100,7000,27-Jun-15 9:47
C0007,X000604,41,STD,50,2050,26-Mar-15 6:31
C0007,X000605,97,Local,20,1940,4-Mar-16 17:16
C0007,X000606,80,ISD,100,8000,28-May-15 21:46
C0007,X000607,24,STD,50,1200,16-Jan-16 2:32
C0007,X000608,91,Local,20,1820,14-Oct-15 18:23
C0007,X000609,55,ISD,100,5500,6-Sep-15 3:56
C0007,X000610,55,STD,50,2750,3-Oct-15 16:13
C0007,X000611,14,Local,20,280,17-Jan-15 8:12
C0007,X000612,17,ISD,100,1700,4-Jan-15 22:20
C0007,X000613,17,STD,50,850,4-Dec-15 13:26
C0007,X000614,50,Local,20,1000,2-Jun-15 2:44
C0007,X000615,54,ISD,100,5400,29-Dec-15 17:05
C0007,X000616,41,STD,50,2050,1-Dec-15 7:32
C0007,X000617,36,Local,20,720,25-May-15 23:11
C0007,X000618,37,ISD,100,3700,13-Sep-16 18:14
C0007,X000619,82,STD,50,4100,30-Jul-15 17:52
C0007,X000620,81,Local,20,1620,27-Apr-17 0:02
C0007,X000621,20,ISD,100,2000,10-Jul-16 4:55
C0007,X000622,75,STD,50,3750,2-Jan-15 0:48
C0007,X000623,38,Local,20,760,4-Jan-15 8:08
C0007,X000624,96,ISD,100,9600,14-Apr-16 6:40
C0007,X000625,14,STD,50,700,10-May-17 11:58
C0007,X000626,93,Local,20,1860,12-May-17 3:17
C0007,X000627,91,ISD,100,9100,27-Apr-15 0:28
C0007,X000628,74,STD,50,3700,26-Jul-17 11:00
C0007,X000629,44,Local,20,880,8-Sep-16 21:24
C0007,X000630,57,ISD,100,5700,7-Sep-16 3:47
C0007,X000631,20,STD,50,1000,18-Aug-17 0:15
C0007,X000632,43,Local,20,860,9-Mar-15 5:52
C0007,X000633,93,ISD,100,9300,29-Dec-15 16:45
C0007,X000634,43,STD,50,2150,21-Apr-15 7:04
C0007,X000635,76,Local,20,1520,7-Jan-15 14:21
C0007,X000636,40,ISD,100,4000,12-Feb-17 16:40
C0007,X000637,53,STD,50,2650,17-Aug-15 12:33
C0007,X000638,30,Local,20,600,28-Aug-15 11:31
C0007,X000639,64,STD,50,3200,15-Jun-17 22:03
C0007,X000640,97,Local,20,1940,13-Aug-16 19:33
C0007,X000641,87,ISD,100,8700,11-Apr-17 21:24
C0007,X000642,36,STD,50,1800,16-Jan-16 3:01
C0007,X000643,67,Local,20,1340,12-Apr-17 10:01
C0007,X000644,44,ISD,100,4400,1-Aug-15 4:42
C0007,X000645,30,STD,50,1500,17-Jun-17 2:13
C0007,X000646,86,Local,20,1720,9-Jul-16 16:16
C0007,X000647,13,ISD,100,1300,28-Dec-14 8:39
C0007,X000648,21,STD,50,1050,1-Mar-16 20:11
C0007,X000649,31,Local,20,620,25-Jan-17 12:08
C0007,X000650,6,ISD,100,600,16-Apr-17 3:53
C0007,X000651,21,STD,50,1050,11-Sep-16 3:43
C0007,X000652,80,Local,20,1600,1-Sep-16 5:18
C0007,X000653,24,ISD,100,2400,21-Jun-15 6:11
C0007,X000654,57,STD,50,2850,30-Jul-15 15:30
C0007,X000655,54,Local,20,1080,8-Jan-15 17:41
C0007,X000656,28,ISD,100,2800,29-Sep-16 15:05
C0007,X000657,67,STD,50,3350,3-Sep-16 19:24
C0007,X000658,61,Local,20,1220,14-Jun-15 0:27
C0007,X000659,95,ISD,100,9500,27-Jan-16 8:24
C0007,X000660,12,STD,50,600,16-Sep-16 4:27
C0007,X000661,45,Local,20,900,19-Nov-16 17:21
C0007,X000662,19,ISD,100,1900,8-Sep-15 14:54
C0007,X000663,6,STD,50,300,5-May-17 19:55
C0007,X000664,4,Local,20,80,6-Sep-17 16:14
C0007,X000665,85,ISD,100,8500,26-Jan-16 3:07
C0008,X000666,32,STD,50,1600,4-Mar-17 1:56
C0008,X000667,54,Local,20,1080,17-Apr-17 2:44
C0008,X000668,32,ISD,100,3200,10-Jan-17 8:24
C0008,X000669,32,STD,50,1600,6-May-15 10:32
C0008,X000670,83,Local,20,1660,17-Jun-16 18:54
C0008,X000671,37,ISD,100,3700,5-Jun-15 14:57
C0008,X000672,14,STD,50,700,6-Dec-15 2:38
C0008,X000673,77,Local,20,1540,2-Sep-16 12:17
C0008,X000674,16,ISD,100,1600,29-Jan-15 15:27
C0008,X000675,85,STD,50,4250,4-Mar-16 23:09
C0008,X000676,49,Local,20,980,13-Nov-16 4:32
C0008,X000677,99,ISD,100,9900,8-Apr-15 17:25
C0008,X000678,86,STD,50,4300,17-Oct-15 10:17
C0008,X000679,57,Local,20,1140,28-Apr-16 8:02
C0008,X000680,98,ISD,100,9800,28-Feb-16 21:30
C0008,X000681,44,STD,50,2200,1-Jun-17 7:55
C0008,X000682,6,Local,20,120,23-Mar-17 1:35
C0008,X000683,42,ISD,100,4200,16-Aug-15 17:16
C0008,X000684,6,STD,50,300,3-Jan-15 2:00
C0008,X000685,10,Local,20,200,6-Jul-17 1:42
C0008,X000686,43,ISD,100,4300,8-Nov-15 2:11
C0008,X000687,30,STD,50,1500,17-Jun-16 5:39
C0008,X000688,84,Local,20,1680,22-Jul-17 12:57
C0008,X000689,45,ISD,100,4500,5-Dec-15 4:30
C0008,X000690,80,STD,50,4000,15-Jun-17 9:23
C0008,X000691,19,Local,20,380,21-Apr-17 13:37
C0008,X000692,42,ISD,100,4200,24-Oct-16 16:48
C0008,X000693,29,STD,50,1450,18-Apr-16 0:48
C0008,X000694,100,Local,20,2000,21-Sep-17 15:30
C0008,X000695,28,ISD,100,2800,28-Apr-17 10:45
C0008,X000696,84,STD,50,4200,19-Nov-15 13:06
C0008,X000697,49,Local,20,980,24-Apr-16 8:24
C0008,X000698,37,STD,50,1850,26-Aug-15 22:48
C0008,X000699,99,Local,20,1980,14-Jan-15 14:47
C0008,X000700,4,ISD,100,400,31-Dec-16 7:36
C0009,X000701,59,STD,50,2950,16-Feb-15 14:26
C0009,X000702,100,Local,20,2000,15-Sep-15 0:53
C0009,X000703,76,ISD,100,7600,7-May-17 11:29
C0009,X000704,11,STD,50,550,19-Dec-16 3:47
C0009,X000705,97,Local,20,1940,6-Sep-17 8:24
C0009,X000706,89,ISD,100,8900,18-Sep-15 7:04
C0009,X000707,98,STD,50,4900,2-Sep-17 17:08
C0009,X000708,41,Local,20,820,25-Nov-15 15:50
C0009,X000709,65,ISD,100,6500,24-Aug-15 10:40
C0009,X000710,9,STD,50,450,11-Jul-17 18:04
C0009,X000711,97,Local,20,1940,20-Jul-16 12:51
C0009,X000712,74,ISD,100,7400,7-Jan-15 10:43
C0009,X000713,34,STD,50,1700,25-Mar-15 8:09
C0009,X000714,26,Local,20,520,25-May-15 1:14
C0009,X000715,29,ISD,100,2900,25-Aug-17 22:24
C0009,X000716,43,STD,50,2150,1-Feb-16 4:42
C0009,X000717,51,Local,20,1020,29-Jan-16 16:48
C0009,X000718,40,ISD,100,4000,23-Apr-15 14:21
C0009,X000719,75,STD,50,3750,9-Jan-16 0:27
C0009,X000720,84,Local,20,1680,26-Feb-15 6:28
C0009,X000721,29,ISD,100,2900,30-May-15 5:09
C0009,X000722,85,STD,50,4250,2-Jun-16 1:24
C0009,X000723,22,Local,20,440,3-Jun-15 9:18
C0009,X000724,86,ISD,100,8600,15-Feb-16 23:16
C0009,X000725,83,STD,50,4150,30-Jul-15 16:09
C0009,X000726,56,Local,20,1120,31-Jul-17 7:04
C0009,X000727,92,ISD,100,9200,25-Aug-15 23:03
C0009,X000728,45,STD,50,2250,28-May-16 0:33
C0009,X000729,16,Local,20,320,5-Jul-15 12:21
C0009,X000730,86,ISD,100,8600,1-Jul-15 3:36
C0009,X000731,55,STD,50,2750,6-Jul-17 12:44
C0009,X000732,36,Local,20,720,29-Jun-17 21:18
C0009,X000733,58,ISD,100,5800,2-Jul-15 2:02
C0009,X000734,11,STD,50,550,4-Aug-16 8:13
C0009,X000735,80,Local,20,1600,6-Aug-16 18:41
C0009,X000736,6,ISD,100,600,11-Mar-15 6:31
C0009,X000737,81,STD,50,4050,11-Aug-15 19:50
C0009,X000738,21,Local,20,420,29-Jul-16 14:44
C0009,X000739,35,ISD,100,3500,3-Feb-16 4:13
C0009,X000740,58,STD,50,2900,14-Oct-16 7:07
C0009,X000741,43,Local,20,860,23-May-17 23:12
C0009,X000742,6,ISD,100,600,26-Apr-15 22:53
C0009,X000743,13,STD,50,650,26-Nov-16 12:02
C0009,X000744,21,Local,20,420,1-May-17 2:41
C0009,X000745,70,ISD,100,7000,16-Aug-16 6:20
C0009,X000746,55,STD,50,2750,12-Jun-15 5:41
C0009,X000747,47,Local,20,940,31-Mar-16 22:30
C0009,X000748,31,ISD,100,3100,30-Dec-15 7:45
C0009,X000749,86,STD,50,4300,16-Aug-16 15:57
C0009,X000750,89,Local,20,1780,20-Aug-17 6:15
C0009,X000751,19,ISD,100,1900,21-May-17 23:44
C0009,X000752,38,STD,50,1900,8-Apr-16 18:12
C0009,X000753,78,Local,20,1560,4-Aug-17 16:30
C0009,X000754,87,ISD,100,8700,12-Mar-15 22:00
C0009,X000755,98,STD,50,4900,12-Apr-17 22:39
C0009,X000756,24,Local,20,480,9-Dec-15 5:21
C0009,X000757,89,STD,50,4450,4-Mar-16 3:15
C0009,X000758,71,Local,20,1420,13-Aug-17 18:50
C0009,X000759,16,ISD,100,1600,14-Jul-15 12:17
C0009,X000760,74,STD,50,3700,10-Feb-16 10:30
C0009,X000761,89,Local,20,1780,18-Feb-17 5:35
C0009,X000762,100,ISD,100,10000,29-Jun-16 12:37
C0009,X000763,11,STD,50,550,20-Jan-15 8:28
C0009,X000764,10,Local,20,200,28-Sep-15 19:37
C0009,X000765,79,ISD,100,7900,8-May-16 15:21
C0009,X000766,57,STD,50,2850,8-Jun-17 8:05
C0009,X000767,67,Local,20,1340,27-Apr-17 14:51
C0009,X000768,91,ISD,100,9100,27-May-15 15:08
C0009,X000769,96,STD,50,4800,6-Jul-17 19:29
C0009,X000770,59,Local,20,1180,1-Jul-15 19:17
C0009,X000771,32,ISD,100,3200,8-Apr-16 22:53
C0009,X000772,8,STD,50,400,4-Sep-17 17:26
C0009,X000773,12,Local,20,240,7-Jun-15 1:17
C0009,X000774,37,ISD,100,3700,1-Apr-15 4:43
C0009,X000775,50,STD,50,2500,26-Jul-16 20:44
C0009,X000776,85,Local,20,1700,30-Mar-17 16:22
C0009,X000777,71,ISD,100,7100,29-Nov-15 21:24
C0009,X000778,96,STD,50,4800,23-Nov-16 14:05
C0009,X000779,54,Local,20,1080,30-Aug-16 7:09
C0009,X000780,56,ISD,100,5600,27-May-15 14:49
C0009,X000781,12,STD,50,600,14-Apr-17 18:46
C0009,X000782,84,Local,20,1680,4-Jun-17 15:15
C0009,X000783,16,ISD,100,1600,17-Feb-17 3:41
C0009,X000784,21,STD,50,1050,26-Jul-17 15:57
C0009,X000785,96,Local,20,1920,1-Jul-15 12:38
C0009,X000786,42,ISD,100,4200,19-Mar-17 13:42
C0009,X000787,26,ISD,100,2600,9-May-15 2:16
C0009,X000788,19,STD,50,950,30-Mar-16 22:03
C0009,X000789,61,Local,20,1220,12-Feb-15 21:10
C0009,X000790,45,ISD,100,4500,20-Jul-17 7:32
C0009,X000791,77,STD,50,3850,15-Jul-16 17:48
C0009,X000792,62,Local,20,1240,28-Dec-14 13:39
C0009,X000793,56,ISD,100,5600,3-Dec-16 2:34
C0009,X000794,7,STD,50,350,27-Aug-15 2:06
C0009,X000795,92,Local,20,1840,25-Dec-15 16:26
C0009,X000796,88,ISD,100,8800,18-Aug-17 4:27
C0009,X000797,51,STD,50,2550,24-Apr-17 23:32
C0009,X000798,25,Local,20,500,18-Aug-16 4:22
C0009,X000799,64,ISD,100,6400,20-Mar-16 16:53
C0009,X000800,62,STD,50,3100,12-Apr-15 16:37
C0009,X000801,1,Local,20,20,3-Jun-16 7:20
C0009,X000802,47,ISD,100,4700,25-Sep-15 19:07
C0009,X000803,58,STD,50,2900,20-Sep-15 1:35
C0009,X000804,51,Local,20,1020,21-Jun-17 7:17
C0009,X000805,72,ISD,100,7200,9-Mar-15 19:03
C0009,X000806,22,Local,20,440,5-Aug-15 22:39
C0009,X000807,23,ISD,100,2300,15-Feb-15 1:37
C0009,X000808,2,STD,50,100,27-Oct-15 7:07
C0009,X000809,8,Local,20,160,7-May-15 22:49
C0009,X000810,97,ISD,100,9700,21-Aug-16 19:10
C0009,X000811,58,STD,50,2900,6-Jan-17 6:59
C0009,X000812,21,Local,20,420,25-May-16 19:26
C0009,X000813,89,ISD,100,8900,12-Jul-17 1:24
C0009,X000814,27,STD,50,1350,8-May-15 17:39
C0009,X000815,72,Local,20,1440,5-Sep-16 14:08
C0009,X000816,74,STD,50,3700,23-Feb-17 12:05
C0009,X000817,74,Local,20,1480,1-Sep-17 19:43
C0009,X000818,26,ISD,100,2600,8-Jan-16 15:51
C0009,X000819,20,STD,50,1000,23-Sep-15 7:36
C0009,X000820,7,Local,20,140,25-Jun-17 22:14
C0009,X000821,61,ISD,100,6100,3-Oct-15 20:28
C0009,X000822,84,STD,50,4200,2-Jul-16 9:07
C0009,X000823,19,Local,20,380,28-Dec-15 7:55
C0009,X000824,14,ISD,100,1400,26-Apr-17 7:01
C0009,X000825,68,STD,50,3400,25-Dec-15 4:04
C0009,X000826,38,Local,20,760,28-May-15 20:25
C0009,X000827,22,ISD,100,2200,25-May-15 2:16
C0009,X000828,97,STD,50,4850,9-Mar-15 2:57
C0009,X000829,62,Local,20,1240,24-Jun-16 4:40
C0009,X000830,20,ISD,100,2000,21-Dec-16 12:00
C0009,X000831,86,STD,50,4300,30-Mar-15 21:54
C0009,X000832,9,Local,20,180,13-Oct-16 6:30
C0009,X000833,28,ISD,100,2800,18-Apr-16 19:30
C0009,X000834,81,STD,50,4050,11-Oct-15 12:17
C0009,X000835,54,Local,20,1080,22-Jun-17 4:30
C0009,X000836,40,ISD,100,4000,11-Jun-17 9:08
C0009,X000837,85,STD,50,4250,16-Sep-15 5:05
C0009,X000838,14,Local,20,280,4-Feb-15 10:36
C0009,X000839,81,ISD,100,8100,5-Oct-15 18:15
C0009,X000840,24,STD,50,1200,28-Jan-17 14:39
C0009,X000841,18,Local,20,360,22-Apr-17 23:36
C0009,X000842,20,ISD,100,2000,14-Jul-17 20:25
C0009,X000843,79,STD,50,3950,8-Jun-16 17:15
C0009,X000844,43,Local,20,860,16-Sep-15 7:24
C0009,X000845,67,ISD,100,6700,26-Sep-16 4:45
C0009,X000846,56,STD,50,2800,4-Dec-15 16:23
C0009,X000847,100,Local,20,2000,18-Sep-17 21:31
C0009,X000848,15,ISD,100,1500,1-Mar-17 21:46
C0009,X000849,24,STD,50,1200,26-Jul-15 6:05
C0009,X000850,94,Local,20,1880,15-Jun-16 0:43
C0009,X000851,1,ISD,100,100,9-Jan-16 20:06
C0009,X000852,56,STD,50,2800,27-Aug-17 14:38
C0009,X000853,46,Local,20,920,20-Mar-16 7:40
C0009,X000854,46,ISD,100,4600,30-Jan-16 21:57
C0009,X000855,18,STD,50,900,7-Jun-17 6:21
C0009,X000856,71,Local,20,1420,26-May-17 13:33
C0009,X000857,11,ISD,100,1100,13-Nov-16 6:36
C0009,X000858,27,STD,50,1350,23-Oct-16 20:26
C0009,X000859,57,Local,20,1140,20-Oct-15 18:31
C0009,X000860,81,ISD,100,8100,24-Nov-15 22:39
C0009,X000861,60,STD,50,3000,18-Jun-16 17:45
C0009,X000862,17,Local,20,340,10-Jan-17 9:10
C0009,X000863,87,ISD,100,8700,23-Dec-15 12:21
C0009,X000864,12,STD,50,600,5-Oct-15 7:30
C0009,X000865,13,Local,20,260,25-Feb-17 6:50
C0009,X000866,16,ISD,100,1600,8-Jul-15 11:39
C0009,X000867,25,STD,50,1250,26-Nov-16 11:55
C0009,X000868,44,Local,20,880,14-Jun-17 10:04
C0009,X000869,41,ISD,100,4100,21-Feb-17 6:56
C0009,X000870,88,STD,50,4400,16-May-15 10:36
C0009,X000871,44,Local,20,880,18-Mar-16 5:12
C0009,X000872,9,ISD,100,900,25-Jan-17 3:30
C0009,X000873,34,STD,50,1700,12-Oct-16 5:26
C0009,X000874,84,Local,20,1680,1-Dec-16 17:12
C0009,X000875,47,STD,50,2350,24-Jan-16 10:23
C0009,X000876,67,Local,20,1340,21-Feb-15 12:11
C0009,X000877,55,ISD,100,5500,10-Jun-17 12:57
C0009,X000878,94,STD,50,4700,25-Jan-16 12:40
C0009,X000879,48,Local,20,960,14-Dec-15 22:55
C0009,X000880,45,ISD,100,4500,4-Jul-15 14:32
C0009,X000881,7,STD,50,350,11-Aug-15 1:48
C0009,X000882,30,Local,20,600,1-Aug-15 2:06
C0009,X000883,44,ISD,100,4400,11-Aug-17 2:29
C0009,X000884,7,STD,50,350,13-Jul-17 13:29
C0009,X000885,48,Local,20,960,5-Oct-16 5:57
C0009,X000886,42,ISD,100,4200,10-Nov-15 1:59
C0009,X000887,65,STD,50,3250,1-Jun-16 4:52
C0009,X000888,92,Local,20,1840,3-Nov-16 15:05
C0009,X000889,52,ISD,100,5200,31-Aug-15 13:20
C0009,X000890,46,STD,50,2300,28-Jul-16 2:41
C0009,X000891,58,Local,20,1160,9-Sep-15 18:51
C0009,X000892,59,ISD,100,5900,19-Mar-15 2:45
C0009,X000893,100,STD,50,5000,13-Nov-16 18:20
C0009,X000894,42,Local,20,840,29-Jan-16 14:18
C0009,X000895,31,ISD,100,3100,19-Oct-16 9:50
C0009,X000896,52,STD,50,2600,23-May-15 11:06
C0009,X000897,95,Local,20,1900,26-Oct-16 0:47
C0009,X000898,13,ISD,100,1300,23-Sep-15 4:33
C0009,X000899,2,STD,50,100,28-Jun-15 4:16
C0009,X000900,76,Local,20,1520,14-Jun-15 3:51
C0010,X000901,39,ISD,100,3900,15-Dec-16 22:29
C0010,X000902,62,STD,50,3100,17-May-15 2:00
C0010,X000903,71,Local,20,1420,20-Jul-16 0:05
C0010,X000904,98,ISD,100,9800,20-Sep-15 8:31
C0010,X000905,9,STD,50,450,2-Sep-15 3:46
C0010,X000906,78,Local,20,1560,14-Jun-16 7:09
C0010,X000907,37,ISD,100,3700,31-Jan-15 10:09
C0010,X000908,25,STD,50,1250,28-Apr-16 19:49
C0010,X000909,12,Local,20,240,18-Sep-17 8:35
C0010,X000910,89,ISD,100,8900,26-May-15 0:38
C0010,X000911,18,STD,50,900,6-Dec-16 16:49
C0010,X000912,34,Local,20,680,26-Oct-16 7:40
C0010,X000913,35,ISD,100,3500,5-Apr-16 6:21
C0010,X000914,42,STD,50,2100,24-Mar-15 12:38
C0010,X000915,15,Local,20,300,28-Apr-15 4:45
C0010,X000916,87,ISD,100,8700,30-Sep-16 18:01
C0010,X000917,21,STD,50,1050,13-Mar-17 22:04
C0010,X000918,70,Local,20,1400,22-Mar-16 1:20
C0010,X000919,5,ISD,100,500,17-Mar-17 21:25
C0010,X000920,69,STD,50,3450,24-Jul-17 2:08
C0010,X000921,43,Local,20,860,29-Oct-16 17:02
C0010,X000922,75,ISD,100,7500,16-Sep-15 8:26
C0010,X000923,22,STD,50,1100,4-Jan-15 22:13
C0010,X000924,74,Local,20,1480,10-Nov-15 8:32
C0010,X000925,22,ISD,100,2200,17-Dec-15 8:52
C0010,X000926,87,STD,50,4350,5-Oct-15 14:09
C0010,X000927,1,Local,20,20,19-Nov-16 14:54
C0010,X000928,80,ISD,100,8000,29-Sep-15 16:36
C0010,X000929,93,STD,50,4650,26-Apr-15 16:45
C0010,X000930,100,Local,20,2000,21-Feb-16 7:01
C0010,X000931,13,ISD,100,1300,1-Jan-16 11:28
C0010,X000932,92,STD,50,4600,7-Jul-17 3:08
C0010,X000933,44,Local,20,880,12-Dec-16 6:24
C0010,X000934,17,STD,50,850,26-Feb-17 14:02
C0010,X000935,29,Local,20,580,26-Jun-17 13:03
C0010,X000936,25,ISD,100,2500,19-Nov-15 22:32
C0010,X000937,54,STD,50,2700,9-Dec-16 10:27
C0010,X000938,68,Local,20,1360,1-Nov-15 3:44
C0010,X000939,15,ISD,100,1500,9-Aug-15 11:02
C0010,X000940,91,STD,50,4550,10-Oct-15 14:03
C0010,X000941,27,Local,20,540,22-Aug-16 7:53
C0010,X000942,90,ISD,100,9000,13-Jul-17 14:38
C0010,X000943,20,STD,50,1000,12-Nov-15 13:23
C0010,X000944,76,Local,20,1520,25-Mar-15 23:25
C0010,X000945,13,ISD,100,1300,18-Aug-17 4:52
C0010,X000946,24,STD,50,1200,16-Dec-15 8:55
C0010,X000947,76,Local,20,1520,21-Sep-16 13:56
C0010,X000948,74,ISD,100,7400,17-Apr-17 22:24
C0010,X000949,99,STD,50,4950,27-Jun-15 11:08
C0010,X000950,36,Local,20,720,10-May-16 9:24
C0010,X000951,9,ISD,100,900,16-Jul-17 8:25
C0010,X000952,58,STD,50,2900,1-Mar-16 3:31
C0010,X000953,67,Local,20,1340,14-Feb-17 1:40
C0010,X000954,19,ISD,100,1900,17-Jun-16 15:28
C0010,X000955,38,STD,50,1900,1-Aug-15 13:42
C0010,X000956,48,Local,20,960,14-Mar-17 22:00
C0010,X000957,35,ISD,100,3500,5-Mar-17 21:07
C0010,X000958,50,STD,50,2500,4-Nov-15 20:34
C0010,X000959,84,Local,20,1680,4-May-15 11:13
C0010,X000960,17,ISD,100,1700,3-Nov-16 19:30
C0010,X000961,63,STD,50,3150,28-Jan-15 8:24
C0010,X000962,38,Local,20,760,24-May-15 22:19
C0010,X000963,94,ISD,100,9400,29-Jul-16 22:01
C0010,X000964,59,STD,50,2950,29-Jul-16 5:57
C0010,X000965,21,Local,20,420,25-Mar-17 2:28
C0010,X000966,50,ISD,100,5000,10-Dec-15 8:00
C0010,X000967,44,STD,50,2200,16-May-17 21:54
C0010,X000968,36,Local,20,720,17-Jun-15 2:55
C0010,X000969,13,ISD,100,1300,25-Apr-17 2:34
C0010,X000970,79,STD,50,3950,8-Aug-15 7:00
C0010,X000971,40,Local,20,800,25-Mar-17 6:14
C0010,X000972,93,ISD,100,9300,12-Mar-17 16:30
C0010,X000973,88,STD,50,4400,7-May-15 5:38
C0010,X000974,97,Local,20,1940,27-Nov-15 11:34
C0010,X000975,6,ISD,100,600,22-Jun-16 13:56
C0010,X000976,38,STD,50,1900,1-Sep-15 14:45
C0010,X000977,61,Local,20,1220,21-Jul-17 23:11
C0010,X000978,30,ISD,100,3000,12-Jul-17 11:03
C0010,X000979,94,STD,50,4700,2-Apr-17 20:24
C0010,X000980,40,Local,20,800,7-Sep-16 23:54
C0010,X000981,80,ISD,100,8000,29-May-15 6:01
C0010,X000982,22,STD,50,1100,8-Aug-16 12:21
C0010,X000983,44,Local,20,880,8-Dec-16 9:38
C0010,X000984,36,ISD,100,3600,17-Sep-16 12:15
C0010,X000985,82,STD,50,4100,26-Feb-16 10:46
C0010,X000986,15,Local,20,300,28-Feb-16 0:02
C0010,X000987,43,ISD,100,4300,1-Feb-15 22:30
C0010,X000988,93,STD,50,4650,8-Oct-15 6:24
C0010,X000989,2,Local,20,40,6-Aug-16 3:33
C0010,X000990,49,ISD,100,4900,26-Aug-15 0:24
C0010,X000991,43,STD,50,2150,6-Jan-17 12:56
C0010,X000992,36,Local,20,720,17-Jun-17 18:28
C0010,X000993,23,STD,50,1150,23-Jan-16 1:49
C0010,X000994,62,Local,20,1240,6-Aug-17 2:32
C0010,X000995,50,ISD,100,5000,14-Apr-16 0:50
C0010,X000996,93,STD,50,4650,3-Mar-16 7:19
C0010,X000997,31,Local,20,620,28-Sep-15 3:41
C0010,X000998,50,ISD,100,5000,3-Dec-15 3:30
C0011,X000999,38,STD,50,1900,18-Jan-16 18:04
C0011,X001000,89,Local,20,1780,11-Dec-15 18:25
C0011,X001001,59,ISD,100,5900,21-Jun-16 8:55
C0011,X001002,97,STD,50,4850,8-Feb-15 11:02
C0011,X001003,12,Local,20,240,31-Aug-17 1:04
C0011,X001004,41,ISD,100,4100,20-Mar-15 15:28
C0011,X001005,38,STD,50,1900,1-Jul-15 3:56
C0011,X001006,55,Local,20,1100,15-Mar-16 0:44
C0011,X001007,28,ISD,100,2800,6-Jul-17 18:57
C0011,X001008,43,STD,50,2150,9-Jan-17 4:43
C0011,X001009,38,Local,20,760,9-Apr-15 2:05
C0011,X001010,32,ISD,100,3200,3-Apr-15 4:26
C0011,X001011,83,STD,50,4150,9-Sep-16 13:23
C0011,X001012,23,Local,20,460,15-Jul-15 7:26
C0011,X001013,34,ISD,100,3400,27-Jun-17 3:02
C0011,X001014,84,STD,50,4200,22-Mar-15 12:14
C0011,X001015,22,Local,20,440,10-May-15 23:03
C0011,X001016,31,ISD,100,3100,29-Aug-17 0:53
C0011,X001017,40,STD,50,2000,24-Jul-17 21:12
C0011,X001018,37,Local,20,740,2-Jul-16 11:15
C0011,X001019,91,ISD,100,9100,10-Jan-17 14:06
C0011,X001020,60,STD,50,3000,3-Jul-15 1:46
C0011,X001021,33,Local,20,660,18-Jun-17 9:07
C0011,X001022,22,ISD,100,2200,1-Mar-16 11:38
C0011,X001023,60,STD,50,3000,16-Aug-17 13:59
C0011,X001024,96,Local,20,1920,30-Jul-15 14:48
C0011,X001025,40,ISD,100,4000,7-May-15 10:00
C0011,X001026,45,STD,50,2250,24-Oct-15 5:55
C0011,X001027,61,Local,20,1220,6-Aug-15 23:54
C0011,X001028,35,ISD,100,3500,8-Oct-16 0:46
C0011,X001029,79,STD,50,3950,13-Oct-16 5:06
C0011,X001030,98,Local,20,1960,6-Jul-15 8:44
C0011,X001031,79,ISD,100,7900,26-Sep-16 18:50
C0011,X001032,2,STD,50,100,8-Jan-17 16:32
C0011,X001033,99,Local,20,1980,15-Oct-15 4:29
C0011,X001034,34,ISD,100,3400,4-Feb-16 5:05
C0011,X001035,22,STD,50,1100,7-Jul-16 5:05
C0011,X001036,67,Local,20,1340,12-Jun-15 2:54
C0011,X001037,80,ISD,100,8000,7-Sep-17 17:28
C0011,X001038,72,STD,50,3600,9-Apr-15 4:06
C0011,X001039,27,Local,20,540,12-Sep-16 7:27
C0011,X001040,46,ISD,100,4600,6-Jun-17 20:08
C0011,X001041,79,STD,50,3950,8-May-17 14:22
C0011,X001042,96,Local,20,1920,27-Dec-14 22:13
C0011,X001043,98,ISD,100,9800,23-Oct-15 20:47
C0011,X001044,55,STD,50,2750,26-Sep-15 11:28
C0011,X001045,69,Local,20,1380,4-Mar-16 12:33
C0011,X001046,1,ISD,100,100,14-Nov-15 10:37
C0011,X001047,5,STD,50,250,28-May-17 11:55
C0011,X001048,28,Local,20,560,15-Aug-16 2:15
C0011,X001049,89,ISD,100,8900,2-May-16 13:48
C0011,X001050,38,STD,50,1900,4-Jul-16 18:15
C0011,X001051,97,Local,20,1940,4-Feb-15 20:45
C0011,X001052,92,STD,50,4600,20-May-17 0:33
C0011,X001053,43,Local,20,860,14-Sep-16 18:37
C0011,X001054,69,ISD,100,6900,23-Feb-17 6:17
C0011,X001055,98,STD,50,4900,23-Aug-15 8:55
C0011,X001056,10,Local,20,200,14-Mar-15 21:12
C0011,X001057,64,ISD,100,6400,22-Feb-17 8:00
C0012,X001058,91,STD,50,4550,14-Apr-16 4:45
C0012,X001059,54,Local,20,1080,17-May-15 14:06
C0012,X001060,10,ISD,100,1000,6-May-15 3:57
C0012,X001061,57,STD,50,2850,17-Feb-15 7:53
C0012,X001062,54,Local,20,1080,10-Jun-16 22:37
C0012,X001063,66,STD,50,3300,5-Apr-15 17:32
C0012,X001064,43,Local,20,860,1-Jan-16 6:05
C0012,X001065,24,ISD,100,2400,29-Jan-16 1:35
C0012,X001066,29,STD,50,1450,17-Aug-16 14:48
C0012,X001067,89,Local,20,1780,14-Mar-16 19:58
C0012,X001068,83,STD,50,4150,11-Sep-17 4:04
C0012,X001069,34,Local,20,680,23-May-16 3:37
C0012,X001070,3,ISD,100,300,13-Nov-16 19:49
C0012,X001071,95,STD,50,4750,16-Jan-15 0:11
C0012,X001072,9,Local,20,180,5-Mar-17 7:35
C0012,X001073,76,STD,50,3800,8-Aug-17 22:58
C0012,X001074,20,Local,20,400,29-Jun-17 6:23
C0012,X001075,6,ISD,100,600,26-Apr-15 3:15
C0012,X001076,50,STD,50,2500,10-Jun-16 10:35
C0012,X001077,85,Local,20,1700,22-Jan-16 12:05
C0012,X001078,51,STD,50,2550,19-Jul-15 14:38
C0012,X001079,64,Local,20,1280,29-May-17 21:01
C0012,X001080,56,ISD,100,5600,21-Jun-15 10:37
C0012,X001081,5,STD,50,250,22-May-16 18:05
C0012,X001082,100,Local,20,2000,17-Nov-16 22:59
C0012,X001083,18,STD,50,900,25-Feb-17 17:54
C0012,X001084,55,Local,20,1100,22-Jun-15 22:06
C0012,X001085,73,ISD,100,7300,10-Jul-16 0:38
C0012,X001086,38,STD,50,1900,19-Jul-17 23:47
C0012,X001087,61,Local,20,1220,21-Mar-17 4:10
C0012,X001088,57,STD,50,2850,30-Jun-17 9:27
C0012,X001089,73,Local,20,1460,31-Jan-15 0:47
C0012,X001090,93,ISD,100,9300,17-May-17 11:08
C0012,X001091,37,STD,50,1850,3-Dec-16 15:21
C0012,X001092,11,Local,20,220,4-Jul-16 7:58
C0012,X001093,47,STD,50,2350,10-Aug-17 17:36
C0012,X001094,47,Local,20,940,26-Sep-16 20:39
C0012,X001095,4,ISD,100,400,4-Jan-16 3:20
C0012,X001096,32,STD,50,1600,28-Apr-15 16:35
C0012,X001097,39,Local,20,780,30-Mar-16 9:56
C0012,X001098,28,STD,50,1400,26-Oct-16 6:53
C0012,X001099,38,Local,20,760,3-Apr-15 1:36
C0012,X001100,71,ISD,100,7100,2-Feb-17 16:59
C0012,X001101,98,STD,50,4900,14-Sep-17 16:37
C0012,X001102,80,Local,20,1600,9-Apr-17 8:58
C0012,X001103,51,STD,50,2550,1-Feb-15 21:12
C0012,X001104,75,Local,20,1500,4-Jun-16 0:17
C0012,X001105,75,ISD,100,7500,1-Dec-15 4:58
C0012,X001106,46,STD,50,2300,21-Jun-15 2:31
C0012,X001107,68,Local,20,1360,19-Jul-16 14:21
C0012,X001108,64,STD,50,3200,24-Jan-17 15:23
C0012,X001109,67,Local,20,1340,24-Jan-16 19:29
C0012,X001110,87,ISD,100,8700,15-Dec-16 16:12
C0012,X001111,81,STD,50,4050,12-Jan-15 18:00
C0012,X001112,42,Local,20,840,2-Apr-16 22:35
C0012,X001113,86,STD,50,4300,28-Jun-15 13:14
C0012,X001114,13,Local,20,260,21-Mar-16 2:22
C0012,X001115,66,ISD,100,6600,18-Sep-17 10:40
C0012,X001116,46,STD,50,2300,17-Sep-17 16:39
C0012,X001117,24,Local,20,480,13-Feb-15 4:14
C0012,X001118,17,STD,50,850,21-Feb-16 12:24
C0012,X001119,33,Local,20,660,19-Apr-15 1:03
C0012,X001120,44,ISD,100,4400,17-Aug-17 4:17
C0012,X001121,59,STD,50,2950,24-Dec-15 20:34
C0012,X001122,70,Local,20,1400,16-Feb-17 7:26
C0012,X001123,56,STD,50,2800,17-Apr-16 20:19
C0012,X001124,26,Local,20,520,14-Jun-17 2:00
C0012,X001125,43,ISD,100,4300,12-Oct-15 12:08
C0012,X001126,60,STD,50,3000,9-Mar-16 9:43
C0012,X001127,29,Local,20,580,30-Mar-17 17:03
C0012,X001128,34,STD,50,1700,31-Aug-16 1:33
C0012,X001129,21,Local,20,420,26-Sep-16 9:48
C0012,X001130,77,ISD,100,7700,21-Jan-15 21:40
C0012,X001131,21,STD,50,1050,18-Aug-16 1:37
C0012,X001132,99,Local,20,1980,4-Feb-17 12:56
C0012,X001133,8,STD,50,400,22-Feb-15 9:57
C0012,X001134,83,Local,20,1660,12-Jun-16 16:43
C0012,X001135,98,ISD,100,9800,4-Sep-17 15:33
C0012,X001136,99,STD,50,4950,2-Sep-15 0:38
C0012,X001137,56,Local,20,1120,9-Oct-15 21:50
C0012,X001138,77,STD,50,3850,12-Apr-17 21:08
C0012,X001139,21,Local,20,420,20-Apr-15 6:47
C0012,X001140,88,ISD,100,8800,21-Feb-15 19:22
C0012,X001141,18,STD,50,900,25-Feb-15 3:30
C0012,X001142,19,Local,20,380,19-Feb-16 19:14
C0012,X001143,86,STD,50,4300,20-Mar-16 18:41
C0012,X001144,39,Local,20,780,12-Dec-16 1:56
C0012,X001145,9,ISD,100,900,13-Mar-15 13:22
C0012,X001146,23,STD,50,1150,13-Mar-17 8:24
C0012,X001147,64,Local,20,1280,8-Mar-15 23:48
C0012,X001148,99,STD,50,4950,19-Nov-15 9:08
C0012,X001149,89,Local,20,1780,23-Aug-16 21:24
C0012,X001150,100,ISD,100,10000,23-Nov-16 3:56
C0012,X001151,24,STD,50,1200,18-Apr-17 0:23
C0012,X001152,2,Local,20,40,2-Apr-17 18:27
C0012,X001153,39,STD,50,1950,26-Dec-16 8:13
C0012,X001154,91,Local,20,1820,29-Apr-15 21:37
C0012,X001155,28,ISD,100,2800,22-Mar-15 4:07
C0012,X001156,95,STD,50,4750,6-Nov-15 1:13
C0012,X001157,66,Local,20,1320,18-Dec-15 1:16
C0012,X001158,64,STD,50,3200,7-Nov-15 18:08
C0012,X001159,63,Local,20,1260,4-Sep-16 20:16
C0012,X001160,53,ISD,100,5300,1-Sep-16 6:46
C0012,X001161,71,STD,50,3550,20-Jan-15 9:05
C0012,X001162,36,Local,20,720,29-Apr-17 20:45
C0012,X001163,39,STD,50,1950,30-Jun-15 23:25
C0012,X001164,66,Local,20,1320,3-Mar-17 10:59
C0012,X001165,11,ISD,100,1100,28-Dec-15 17:21
C0012,X001166,25,STD,50,1250,25-May-16 11:25
C0012,X001167,75,Local,20,1500,9-Mar-15 6:17
C0012,X001168,28,STD,50,1400,23-Apr-16 0:17
C0012,X001169,3,Local,20,60,14-Jul-17 13:00
C0012,X001170,9,ISD,100,900,31-Oct-16 5:03
C0012,X001171,4,STD,50,200,26-Sep-15 17:54
C0012,X001172,97,Local,20,1940,7-Dec-16 11:09
C0012,X001173,42,STD,50,2100,1-Nov-15 15:11
C0012,X001174,87,Local,20,1740,15-Sep-15 12:33
C0012,X001175,55,ISD,100,5500,27-Aug-16 9:38
C0012,X001176,21,STD,50,1050,30-Nov-15 6:47
C0012,X001177,16,Local,20,320,21-Mar-16 22:35
C0013,X001178,30,Local,20,600,6-Jul-15 5:09
C0013,X001179,67,STD,50,3350,12-Jun-16 10:42
C0013,X001180,38,Local,20,760,22-May-15 4:26
C0013,X001181,48,ISD,100,4800,9-Jul-15 7:23
C0013,X001182,66,STD,50,3300,18-Dec-15 6:18
C0013,X001183,17,Local,20,340,28-Jan-17 11:00
C0013,X001184,41,STD,50,2050,23-Mar-15 17:58
C0013,X001185,37,Local,20,740,4-Jan-17 21:31
C0013,X001186,52,ISD,100,5200,12-Aug-15 9:17
C0013,X001187,40,STD,50,2000,4-Jan-15 22:19
C0013,X001188,48,Local,20,960,25-Apr-16 1:10
C0013,X001189,47,STD,50,2350,6-Jan-16 14:44
C0013,X001190,86,Local,20,1720,13-Oct-15 2:39
C0013,X001191,52,ISD,100,5200,25-Jul-15 13:43
C0013,X001192,46,STD,50,2300,26-Nov-15 19:14
C0013,X001193,4,Local,20,80,10-Jun-17 4:09
C0013,X001194,39,STD,50,1950,14-Jan-17 11:39
C0013,X001195,21,Local,20,420,9-Sep-16 18:33
C0013,X001196,12,ISD,100,1200,12-Apr-16 15:34
C0013,X001197,61,STD,50,3050,27-Aug-16 1:10
C0013,X001198,64,Local,20,1280,28-May-17 8:09
C0013,X001199,78,STD,50,3900,3-Jun-15 4:23
C0013,X001200,98,Local,20,1960,30-Oct-16 8:39
C0013,X001201,4,ISD,100,400,1-Feb-17 10:35
C0013,X001202,5,STD,50,250,5-Sep-16 3:30
C0013,X001203,51,Local,20,1020,1-Jan-15 20:15
C0014,X001204,8,STD,50,400,3-Feb-15 16:58
C0014,X001205,22,Local,20,440,19-May-15 15:00
C0014,X001206,30,STD,50,1500,27-Aug-16 21:20
C0014,X001207,25,Local,20,500,6-Oct-15 22:26
C0014,X001208,88,ISD,100,8800,12-Nov-16 13:53
C0014,X001209,100,STD,50,5000,13-Feb-16 9:41
C0014,X001210,97,Local,20,1940,7-Oct-16 18:33
C0014,X001211,23,STD,50,1150,23-Oct-16 13:59
C0014,X001212,75,Local,20,1500,9-Sep-15 7:40
C0014,X001213,85,ISD,100,8500,23-Jan-17 9:25
C0014,X001214,84,STD,50,4200,28-Mar-16 4:42
C0014,X001215,65,Local,20,1300,18-Jan-15 21:53
C0014,X001216,72,STD,50,3600,22-Jun-17 10:12
C0014,X001217,9,Local,20,180,2-Apr-15 14:58
C0014,X001218,77,ISD,100,7700,7-Jun-15 0:40
C0014,X001219,66,STD,50,3300,3-Nov-16 17:51
C0014,X001220,56,Local,20,1120,7-Jul-15 13:52
C0014,X001221,87,STD,50,4350,18-Jan-15 13:04
C0014,X001222,75,Local,20,1500,5-Feb-15 1:33
C0014,X001223,65,ISD,100,6500,11-Mar-15 5:36
C0014,X001224,44,STD,50,2200,20-Oct-16 11:00
C0014,X001225,30,Local,20,600,20-Oct-15 9:36
C0014,X001226,63,STD,50,3150,1-Nov-16 1:30
C0014,X001227,48,Local,20,960,6-Jul-15 1:04
C0014,X001228,62,ISD,100,6200,1-Jul-16 13:09
C0014,X001229,55,STD,50,2750,6-May-15 17:24
C0014,X001230,42,Local,20,840,21-May-17 8:28
C0014,X001231,69,STD,50,3450,8-Jul-16 5:55
C0014,X001232,39,Local,20,780,12-Aug-17 16:04
C0014,X001233,42,ISD,100,4200,13-Jul-17 4:17
C0014,X001234,23,STD,50,1150,26-Jan-17 21:23
C0014,X001235,3,Local,20,60,20-May-16 21:08
C0014,X001236,80,STD,50,4000,23-Dec-16 5:19
C0014,X001237,73,Local,20,1460,27-May-16 2:47
C0014,X001238,15,ISD,100,1500,14-Feb-16 23:12
C0014,X001239,38,STD,50,1900,9-Jan-17 7:40
C0014,X001240,65,Local,20,1300,11-Feb-16 23:22
C0014,X001241,74,STD,50,3700,2-May-17 0:34
C0014,X001242,22,Local,20,440,16-Dec-15 15:17
C0014,X001243,37,ISD,100,3700,18-Feb-16 2:08
C0014,X001244,11,STD,50,550,11-May-17 20:15
C0014,X001245,64,Local,20,1280,1-Mar-16 4:00
C0014,X001246,48,STD,50,2400,7-Nov-15 17:06
C0014,X001247,25,Local,20,500,2-May-16 20:48
C0014,X001248,16,ISD,100,1600,27-Oct-15 22:06
C0014,X001249,61,STD,50,3050,18-Apr-17 11:58
C0014,X001250,80,Local,20,1600,23-Jun-15 0:51
C0014,X001251,48,STD,50,2400,8-Aug-17 15:01
C0014,X001252,98,Local,20,1960,21-Feb-16 18:37
C0014,X001253,54,ISD,100,5400,29-Aug-17 20:58
C0014,X001254,77,STD,50,3850,13-Feb-15 10:48
C0014,X001255,81,Local,20,1620,21-May-16 7:46
C0014,X001256,41,STD,50,2050,18-Jul-16 2:36
C0014,X001257,41,Local,20,820,9-Jun-17 10:07
C0014,X001258,6,ISD,100,600,5-Aug-15 7:30
C0014,X001259,9,STD,50,450,19-Mar-16 23:03
C0014,X001260,46,Local,20,920,2-Oct-15 9:31
C0014,X001261,62,STD,50,3100,21-Sep-17 3:01
C0014,X001262,60,Local,20,1200,16-Jun-17 15:02
C0014,X001263,64,ISD,100,6400,25-Jun-16 20:13
C0014,X001264,96,STD,50,4800,2-Mar-15 10:29
C0014,X001265,14,Local,20,280,27-Mar-17 6:01
C0014,X001266,9,Local,20,180,27-Sep-16 17:21
C0014,X001267,76,STD,50,3800,11-Apr-16 18:17
C0014,X001268,20,Local,20,400,15-Jun-17 18:50
C0014,X001269,12,ISD,100,1200,24-Jan-17 4:26
C0014,X001270,58,STD,50,2900,23-Apr-17 15:36
C0014,X001271,71,Local,20,1420,6-Dec-16 9:24
C0014,X001272,34,STD,50,1700,21-Jul-15 16:26
C0014,X001273,38,Local,20,760,23-Nov-16 2:35
C0014,X001274,42,ISD,100,4200,7-Sep-15 13:52
C0014,X001275,50,STD,50,2500,1-Jan-15 13:43
C0014,X001276,10,Local,20,200,18-May-17 5:41
C0014,X001277,59,STD,50,2950,25-Jun-16 15:10
C0014,X001278,20,Local,20,400,15-Jun-17 7:13
C0014,X001279,53,ISD,100,5300,1-Oct-16 0:12
C0014,X001280,69,STD,50,3450,23-Oct-15 10:43
C0014,X001281,59,Local,20,1180,24-Jun-15 1:07
C0014,X001282,31,STD,50,1550,11-Aug-17 14:25
C0014,X001283,83,Local,20,1660,26-Mar-16 2:15
C0014,X001284,9,ISD,100,900,5-Jan-17 12:01
C0014,X001285,68,STD,50,3400,12-Apr-17 15:47
C0014,X001286,7,Local,20,140,10-Feb-16 14:52
C0014,X001287,85,STD,50,4250,9-May-15 21:48
C0014,X001288,64,Local,20,1280,20-May-15 3:59
C0014,X001289,49,ISD,100,4900,14-Sep-16 5:11
C0014,X001290,4,STD,50,200,4-Oct-15 5:47
C0014,X001291,88,Local,20,1760,13-Jun-15 22:49
C0015,X001292,92,Local,20,1840,29-Dec-14 10:19
C0015,X001293,16,ISD,100,1600,26-May-16 21:07
C0015,X001294,11,STD,50,550,29-Jun-16 15:57
C0015,X001295,22,Local,20,440,18-Feb-16 13:26
C0015,X001296,81,STD,50,4050,15-Aug-17 9:27
C0015,X001297,50,Local,20,1000,21-Feb-17 22:13
C0015,X001298,24,ISD,100,2400,14-Oct-15 23:21
C0015,X001299,53,STD,50,2650,22-Jan-16 15:27
C0015,X001300,86,Local,20,1720,21-Jan-15 10:35
C0015,X001301,54,STD,50,2700,17-Feb-15 13:55
C0015,X001302,92,Local,20,1840,10-Nov-15 2:34
C0015,X001303,70,ISD,100,7000,3-Feb-16 12:24
C0015,X001304,100,STD,50,5000,28-Jul-16 1:58
C0015,X001305,19,Local,20,380,11-Jan-17 13:06
C0015,X001306,47,STD,50,2350,24-May-16 18:59
C0015,X001307,59,Local,20,1180,5-Apr-16 23:11
C0015,X001308,9,ISD,100,900,14-May-15 20:00
C0015,X001309,86,STD,50,4300,16-Sep-15 8:57
C0015,X001310,40,Local,20,800,16-Dec-15 16:55
C0016,X001311,70,ISD,100,7000,27-Apr-16 11:47
C0016,X001312,59,STD,50,2950,14-Jul-17 10:52
C0016,X001313,25,Local,20,500,31-Jan-16 3:24
C0016,X001314,21,STD,50,1050,22-Aug-17 16:43
C0016,X001315,5,Local,20,100,1-Jul-17 5:03
C0016,X001316,9,ISD,100,900,29-Aug-17 11:13
C0016,X001317,50,STD,50,2500,14-Jul-16 9:38
C0016,X001318,69,Local,20,1380,7-Jun-17 18:25
C0016,X001319,94,STD,50,4700,31-Aug-16 15:44
C0016,X001320,44,Local,20,880,26-May-17 11:26
C0016,X001321,55,ISD,100,5500,3-Aug-17 21:10
C0016,X001322,51,STD,50,2550,1-May-17 19:43
C0016,X001323,1,Local,20,20,19-May-17 0:15
C0016,X001324,7,STD,50,350,1-Jun-16 5:58
C0016,X001325,34,Local,20,680,20-Mar-16 3:59
C0016,X001326,2,ISD,100,200,16-Dec-16 3:57
C0016,X001327,47,STD,50,2350,6-Jul-15 1:46
C0016,X001328,97,Local,20,1940,7-Nov-16 2:35
C0016,X001329,49,STD,50,2450,18-Sep-15 4:07
C0016,X001330,51,Local,20,1020,20-Dec-15 5:42
C0016,X001331,68,ISD,100,6800,13-Apr-15 2:42
C0016,X001332,38,STD,50,1900,29-Apr-16 10:35
C0016,X001333,94,Local,20,1880,2-Jan-16 12:15
C0016,X001334,5,Local,20,100,12-Nov-15 19:42
C0016,X001335,18,STD,50,900,17-Jan-17 1:24
C0016,X001336,94,Local,20,1880,21-Jul-17 0:18
C0016,X001337,95,ISD,100,9500,28-Sep-16 13:23
C0016,X001338,38,STD,50,1900,16-Jul-17 17:49
C0016,X001339,92,Local,20,1840,15-Oct-16 17:24
C0016,X001340,17,STD,50,850,14-Mar-16 11:21
C0016,X001341,27,Local,20,540,7-Jun-16 12:05
C0016,X001342,62,ISD,100,6200,8-Dec-16 1:04
C0016,X001343,49,STD,50,2450,20-Mar-16 2:16
C0016,X001344,17,Local,20,340,17-May-15 9:43
C0016,X001345,19,STD,50,950,12-Jun-15 22:49
C0016,X001346,4,Local,20,80,6-Aug-16 3:38
C0016,X001347,84,ISD,100,8400,19-Jul-17 12:04
C0016,X001348,77,STD,50,3850,20-Nov-15 9:36
C0016,X001349,59,Local,20,1180,21-Feb-16 23:55
C0016,X001350,54,STD,50,2700,7-Dec-16 15:27
C0016,X001351,12,Local,20,240,24-Oct-15 1:12
C0016,X001352,77,ISD,100,7700,21-Oct-16 18:44
C0016,X001353,28,STD,50,1400,2-Feb-16 16:22
C0016,X001354,39,Local,20,780,28-Sep-16 2:22
C0016,X001355,1,STD,50,50,21-Jul-16 23:09
C0016,X001356,88,Local,20,1760,29-Jul-17 7:55
C0016,X001357,83,ISD,100,8300,22-Dec-15 21:47
C0016,X001358,40,STD,50,2000,22-Nov-16 17:45
C0016,X001359,2,Local,20,40,10-Feb-16 15:54
C0016,X001360,49,Local,20,980,7-May-16 15:24
C0016,X001361,64,ISD,100,6400,1-Sep-15 8:18
C0016,X001362,45,STD,50,2250,23-Sep-15 7:22
C0016,X001363,1,Local,20,20,20-May-17 3:27
C0016,X001364,8,STD,50,400,8-Sep-16 5:32
C0016,X001365,37,Local,20,740,10-Jun-15 17:22
C0016,X001366,12,ISD,100,1200,24-Sep-16 10:37
C0016,X001367,62,STD,50,3100,21-Dec-16 23:13
C0016,X001368,90,Local,20,1800,17-Jan-17 9:23
C0016,X001369,33,STD,50,1650,28-Jan-17 9:40
C0016,X001370,85,Local,20,1700,4-Nov-16 10:46
C0016,X001371,10,ISD,100,1000,29-Aug-17 13:12
C0016,X001372,37,STD,50,1850,26-Feb-16 1:36
C0016,X001373,80,Local,20,1600,28-Apr-17 17:58
C0016,X001374,53,STD,50,2650,15-Nov-15 6:36
C0016,X001375,18,Local,20,360,25-Nov-15 4:50
C0016,X001376,59,ISD,100,5900,17-May-15 3:53
C0016,X001377,48,STD,50,2400,15-Feb-15 5:35
C0016,X001378,17,Local,20,340,4-Aug-16 4:52
C0017,X001379,42,STD,50,2100,10-Apr-15 8:41
C0017,X001380,18,Local,20,360,30-Apr-15 9:05
C0017,X001381,32,ISD,100,3200,26-Nov-15 18:07
C0017,X001382,33,STD,50,1650,23-May-17 16:26
C0017,X001383,12,Local,20,240,13-May-15 22:19
C0017,X001384,25,STD,50,1250,28-Jan-15 10:07
C0017,X001385,49,Local,20,980,2-Feb-16 4:00
C0017,X001386,35,ISD,100,3500,7-Oct-16 20:06
C0017,X001387,11,STD,50,550,8-Jun-16 14:31
C0017,X001388,40,Local,20,800,17-Oct-16 13:10
C0017,X001389,20,STD,50,1000,6-Sep-17 8:44
C0017,X001390,83,Local,20,1660,5-Jun-16 6:56
C0017,X001391,42,ISD,100,4200,8-Nov-15 6:23
C0017,X001392,86,STD,50,4300,13-Apr-16 8:13
C0017,X001393,10,Local,20,200,10-Feb-15 18:07
C0017,X001394,26,Local,20,520,27-Sep-16 13:46
C0017,X001395,9,ISD,100,900,1-Sep-16 22:10
C0017,X001396,46,STD,50,2300,19-May-15 18:41
C0017,X001397,72,Local,20,1440,23-Jan-15 15:48
C0017,X001398,93,STD,50,4650,21-Jan-17 20:49
C0017,X001399,29,Local,20,580,3-Oct-15 15:12
C0017,X001400,65,ISD,100,6500,13-Nov-16 6:05
C0017,X001401,3,STD,50,150,12-Dec-15 20:32
C0017,X001402,4,Local,20,80,18-Aug-16 8:35
C0017,X001403,53,STD,50,2650,19-Jun-17 11:25
C0017,X001404,10,Local,20,200,8-May-16 8:32
C0017,X001405,47,ISD,100,4700,21-Jul-15 1:27
C0017,X001406,18,STD,50,900,29-Apr-17 18:57
C0017,X001407,62,Local,20,1240,19-Jul-16 21:41
C0017,X001408,82,STD,50,4100,1-Mar-16 0:21
C0017,X001409,11,Local,20,220,20-Apr-17 5:44
C0017,X001410,83,ISD,100,8300,22-May-15 0:12
C0017,X001411,60,STD,50,3000,4-Jul-15 12:46
C0017,X001412,59,Local,20,1180,9-Oct-16 10:43
C0017,X001413,98,ISD,100,9800,15-Jul-17 8:31
C0017,X001414,84,STD,50,4200,13-Dec-15 21:48
C0017,X001415,13,Local,20,260,14-Jan-16 15:33
C0017,X001416,30,STD,50,1500,26-Jun-17 17:45
C0017,X001417,86,Local,20,1720,29-Oct-15 5:39
C0017,X001418,32,ISD,100,3200,17-Jan-15 19:13
C0017,X001419,36,STD,50,1800,28-Mar-15 6:44
C0017,X001420,2,Local,20,40,10-May-15 17:13
C0017,X001421,13,STD,50,650,5-Apr-15 6:17
C0017,X001422,28,Local,20,560,19-Nov-16 5:28
C0017,X001423,70,ISD,100,7000,25-May-16 3:18
C0017,X001424,70,STD,50,3500,26-Apr-15 4:50
C0017,X001425,8,Local,20,160,3-Dec-16 13:26
C0017,X001426,28,STD,50,1400,25-May-16 23:49
C0017,X001427,44,Local,20,880,16-Mar-17 2:16
C0017,X001428,33,ISD,100,3300,14-Jun-16 12:12
C0017,X001429,87,STD,50,4350,12-May-16 14:42
C0018,X001430,58,Local,20,1160,30-Jun-17 9:21
C0018,X001431,82,STD,50,4100,23-Aug-17 15:34
C0018,X001432,73,Local,20,1460,15-Oct-15 1:45
C0018,X001433,3,ISD,100,300,19-Feb-15 1:04
C0018,X001434,14,STD,50,700,24-Aug-15 2:02
C0018,X001435,24,Local,20,480,22-May-17 22:03
C0018,X001436,12,Local,20,240,5-Feb-16 7:01
C0018,X001437,62,STD,50,3100,11-Apr-16 14:00
C0018,X001438,21,Local,20,420,29-May-16 15:54
C0018,X001439,86,ISD,100,8600,31-Oct-16 20:44
C0018,X001440,75,STD,50,3750,15-Jun-15 2:18
C0018,X001441,63,Local,20,1260,27-Jan-16 18:04
C0018,X001442,19,STD,50,950,12-Oct-16 9:37
C0018,X001443,22,Local,20,440,16-Mar-17 17:22
C0018,X001444,15,ISD,100,1500,22-Aug-15 15:37
C0018,X001445,86,STD,50,4300,30-Aug-16 8:11
C0018,X001446,7,Local,20,140,9-Oct-16 8:22
C0018,X001447,78,STD,50,3900,12-Nov-16 4:00
C0018,X001448,20,Local,20,400,26-Jul-17 1:56
C0018,X001449,53,ISD,100,5300,31-Dec-14 3:04
C0018,X001450,89,STD,50,4450,7-Jul-15 18:51
C0018,X001451,70,Local,20,1400,30-Mar-16 3:00
C0018,X001452,13,STD,50,650,24-Feb-17 12:28
C0018,X001453,53,Local,20,1060,3-Jul-15 6:41
C0018,X001454,82,ISD,100,8200,16-Nov-16 5:19
C0018,X001455,14,STD,50,700,25-Apr-15 9:36
C0018,X001456,82,Local,20,1640,9-Aug-17 2:52
C0018,X001457,73,STD,50,3650,16-Jan-17 7:26
C0018,X001458,10,Local,20,200,29-Feb-16 9:48
